注文ID,注文日,顧客ID,商品ID,数量,割引率,支払方法,配送日数
O00001,2024-01-01,C0233,P012,1,0,クレジットカード,3
O00002,2024-01-01,C0287,P038,1,0.05,クレジットカード,2
O00003,2024-01-01,C0112,P038,1,0.1,銀行振込,2
O00004,2024-01-01,C0238,P034,1,0.1,クレジットカード,1
O00005,2024-01-01,C0369,P020,1,0,銀行振込,1
O00006,2024-01-02,C0144,P038,1,0,電子マネー,1
O00007,2024-01-02,C0238,P014,1,0.3,コンビニ払い,1
O00008,2024-01-02,C0287,P020,1,0,クレジットカード,3
O00009,2024-01-03,C0127,P019,1,0,コンビニ払い,3
O00010,2024-01-03,C0297,P019,1,0.2,電子マネー,1
O00011,2024-01-03,C0245,P038,1,0,コンビニ払い,3
O00012,2024-01-03,C0245,P030,1,0,電子マネー,2
O00013,2024-01-04,C0370,P002,2,0.1,コンビニ払い,1
O00014,2024-01-04,C0196,P038,1,0.05,電子マネー,3
O00015,2024-01-05,C0049,P019,2,0.2,電子マネー,3
O00016,2024-01-05,C0056,P019,2,0.2,クレジットカード,2
O00017,2024-01-05,C0238,P038,1,0.1,クレジットカード,1
O00018,2024-01-05,C0287,P038,1,0.2,コンビニ払い,2
O00019,2024-01-05,C0055,P019,1,0,電子マネー,3
O00020,2024-01-05,C0127,P004,1,0,電子マネー,3
O00021,2024-01-05,C0233,P014,1,0.2,クレジットカード,2
O00022,2024-01-06,C0026,P038,1,0,クレジットカード,2
O00023,2024-01-06,C0269,P013,3,0.2,クレジットカード,2
O00024,2024-01-06,C0049,P023,1,0,代金引換,4
O00025,2024-01-06,C0294,P033,1,0,コンビニ払い,2
O00026,2024-01-07,C0049,P019,1,0,コンビニ払い,3
O00027,2024-01-07,C0256,P040,1,0.1,電子マネー,1
O00028,2024-01-07,C0236,P016,2,0,クレジットカード,1
O00029,2024-01-07,C0342,P011,1,0.05,代金引換,2
O00030,2024-01-08,C0245,P009,1,0.1,クレジットカード,3
O00031,2024-01-08,C0238,P014,1,0,クレジットカード,1
O00032,2024-01-09,C0049,P029,1,0,代金引換,5
O00033,2024-01-09,C0245,P038,1,0,コンビニ払い,2
O00034,2024-01-09,C0256,P016,3,0.1,コンビニ払い,2
O00035,2024-01-10,C0055,P006,1,0,電子マネー,3
O00036,2024-01-10,C0287,P029,1,0,電子マネー,3
O00037,2024-01-10,C0370,P029,2,0,クレジットカード,1
O00038,2024-01-10,C0055,P019,2,0.3,クレジットカード,4
O00039,2024-01-10,C0085,P038,1,0.2,コンビニ払い,3
O00040,2024-01-10,C0297,P019,1,0.1,代金引換,2
O00041,2024-01-11,C0256,P019,1,0,代金引換,2
O00042,2024-01-11,C0049,P038,1,0,コンビニ払い,3
O00043,2024-01-11,C0256,P029,1,0.1,コンビニ払い,3
O00044,2024-01-11,C0370,P014,1,0.3,コンビニ払い,1
O00045,2024-01-12,C0167,P009,1,0,クレジットカード,1
O00046,2024-01-12,C0085,P014,2,0.1,電子マネー,2
O00047,2024-01-13,C0126,P038,1,0.1,電子マネー,2
O00048,2024-01-13,C0369,P038,1,0.1,クレジットカード,1
O00049,2024-01-13,C0191,P005,3,0.2,クレジットカード,3
O00050,2024-01-13,C0338,P038,1,0,コンビニ払い,2
O00051,2024-01-13,C0238,P019,1,0.2,クレジットカード,2
O00052,2024-01-14,C0256,P026,2,0,クレジットカード,1
O00053,2024-01-14,C0339,P017,2,0.1,クレジットカード,3
O00054,2024-01-14,C0016,P002,1,0.05,クレジットカード,5
O00055,2024-01-14,C0144,P029,1,0,クレジットカード,1
O00056,2024-01-16,C0049,P014,1,0.1,クレジットカード,3
O00057,2024-01-16,C0073,P013,1,0,コンビニ払い,3
O00058,2024-01-16,C0236,P038,1,0,クレジットカード,2
O00059,2024-01-16,C0352,P019,1,0.2,電子マネー,3
O00060,2024-01-16,C0253,P029,2,0.2,クレジットカード,1
O00061,2024-01-16,C0167,P029,1,0.05,電子マネー,2
O00062,2024-01-16,C0297,P035,1,0.2,クレジットカード,2
O00063,2024-01-17,C0067,P011,1,0,クレジットカード,2
O00064,2024-01-17,C0073,P013,1,0,クレジットカード,4
O00065,2024-01-18,C0297,P017,2,0.1,コンビニ払い,2
O00066,2024-01-18,C0253,P019,1,0.05,クレジットカード,1
O00067,2024-01-18,C0238,P038,2,0.3,コンビニ払い,2
O00068,2024-01-18,C0256,P019,1,0,銀行振込,2
O00069,2024-01-18,C0238,P038,1,0.1,コンビニ払い,2
O00070,2024-01-18,C0238,P032,3,0.2,銀行振込,3
O00071,2024-01-19,C0245,P038,1,0,電子マネー,3
O00072,2024-01-19,C0233,P002,1,0.2,クレジットカード,2
O00073,2024-01-19,C0369,P020,1,0.1,電子マネー,1
O00074,2024-01-19,C0245,P032,2,0.1,代金引換,3
O00075,2024-01-19,C0297,P019,1,0,クレジットカード,1
O00076,2024-01-19,C0049,P004,2,0,電子マネー,3
O00077,2024-01-19,C0023,P032,1,0.1,電子マネー,2
O00078,2024-01-20,C0294,P029,1,0.1,クレジットカード,2
O00079,2024-01-20,C0294,P004,1,0,クレジットカード,3
O00080,2024-01-20,C0112,P005,1,0,電子マネー,2
O00081,2024-01-20,C0191,P014,1,0,銀行振込,3
O00082,2024-01-20,C0127,P029,2,0.2,電子マネー,3
O00083,2024-01-21,C0256,P014,5,0.3,クレジットカード,1
O00084,2024-01-21,C0043,P029,1,0,コンビニ払い,3
O00085,2024-01-22,C0167,P036,1,0.2,電子マネー,2
O00086,2024-01-22,C0236,P032,1,0,クレジットカード,2
O00087,2024-01-22,C0304,P033,1,0,クレジットカード,2
O00088,2024-01-23,C0256,P019,2,0.3,コンビニ払い,2
O00089,2024-01-23,C0196,P035,1,0.2,電子マネー,3
O00090,2024-01-23,C0112,P033,1,0,コンビニ払い,2
O00091,2024-01-24,C0297,P033,1,0.1,電子マネー,1
O00092,2024-01-24,C0323,P034,1,0.1,コンビニ払い,3
O00093,2024-01-25,C0049,P035,1,0,電子マネー,4
O00094,2024-01-25,C0366,P019,1,0,コンビニ払い,2
O00095,2024-01-25,C0233,P014,1,0,クレジットカード,2
O00096,2024-01-25,C0196,P038,1,0.2,クレジットカード,4
O00097,2024-01-25,C0369,P038,1,0.1,クレジットカード,1
O00098,2024-01-26,C0134,P029,1,0,クレジットカード,2
O00099,2024-01-26,C0283,P021,1,0.2,電子マネー,2
O00100,2024-01-27,C0238,P020,1,0.1,クレジットカード,3
O00101,2024-01-27,C0339,P038,1,0,クレジットカード,3
O00102,2024-01-27,C0163,P025,1,0,クレジットカード,2
O00103,2024-01-27,C0214,P038,1,0,代金引換,2
O00104,2024-01-28,C0116,P038,1,0.05,コンビニ払い,1
O00105,2024-01-28,C0245,P016,1,0.2,コンビニ払い,3
O00106,2024-01-29,C0268,P032,2,0.2,銀行振込,2
O00107,2024-01-29,C0144,P038,1,0.3,クレジットカード,2
O00108,2024-01-29,C0369,P015,2,0.2,クレジットカード,2
O00109,2024-01-29,C0043,P032,2,0.2,クレジットカード,5
O00110,2024-01-29,C0067,P038,2,0.3,電子マネー,3
O00111,2024-01-29,C0323,P038,1,0.05,銀行振込,4
O00112,2024-01-29,C0339,P038,1,0.2,コンビニ払い,3
O00113,2024-01-29,C0049,P007,3,0.3,クレジットカード,3
O00114,2024-01-30,C0147,P016,1,0,クレジットカード,3
O00115,2024-01-30,C0112,P038,1,0.1,クレジットカード,2
O00116,2024-01-30,C0049,P034,1,0.05,コンビニ払い,4
O00117,2024-01-30,C0253,P038,1,0,コンビニ払い,1
O00118,2024-01-30,C0022,P010,1,0.1,電子マネー,3
O00119,2024-01-30,C0112,P002,3,0.2,銀行振込,1
O00120,2024-01-30,C0147,P018,2,0.05,クレジットカード,4
O00121,2024-01-30,C0256,P019,1,0,代金引換,2
O00122,2024-01-31,C0287,P005,1,0,コンビニ払い,2
O00123,2024-01-31,C0294,P014,1,0.2,クレジットカード,3
O00124,2024-01-31,C0134,P014,2,0.1,クレジットカード,1
O00125,2024-01-31,C0112,P038,1,0.1,代金引換,1
O00126,2024-01-31,C0287,P016,1,0,代金引換,2
O00127,2024-01-31,C0238,P013,1,0,クレジットカード,1
O00128,2024-01-31,C0323,P014,2,0.05,電子マネー,4
O00129,2024-02-01,C0191,P009,1,0,クレジットカード,3
O00130,2024-02-01,C0109,P005,1,0,コンビニ払い,3
O00131,2024-02-01,C0256,P010,1,0,電子マネー,2
O00132,2024-02-01,C0016,P020,1,0.05,代金引換,5
O00133,2024-02-02,C0253,P032,1,0.05,電子マネー,2
O00134,2024-02-02,C0369,P004,1,0,クレジットカード,1
O00135,2024-02-03,C0233,P038,1,0,電子マネー,2
O00136,2024-02-03,C0056,P001,1,0.05,コンビニ払い,2
O00137,2024-02-04,C0188,P033,1,0,コンビニ払い,2
O00138,2024-02-04,C0245,P019,1,0,クレジットカード,3
O00139,2024-02-04,C0253,P025,1,0,銀行振込,1
O00140,2024-02-04,C0073,P034,2,0,クレジットカード,4
O00141,2024-02-04,C0134,P029,1,0,電子マネー,1
O00142,2024-02-04,C0297,P020,2,0,クレジットカード,1
O00143,2024-02-05,C0191,P002,1,0,銀行振込,3
O00144,2024-02-05,C0323,P032,1,0,クレジットカード,3
O00145,2024-02-05,C0369,P038,1,0,銀行振込,2
O00146,2024-02-05,C0144,P038,1,0,銀行振込,1
O00147,2024-02-05,C0073,P038,2,0,クレジットカード,3
O00148,2024-02-05,C0339,P040,1,0,クレジットカード,3
O00149,2024-02-06,C0294,P033,1,0,クレジットカード,2
O00150,2024-02-06,C0127,P013,1,0,電子マネー,3
O00151,2024-02-06,C0238,P038,1,0.05,クレジットカード,2
O00152,2024-02-06,C0256,P014,1,0,コンビニ払い,1
O00153,2024-02-07,C0043,P029,1,0,クレジットカード,3
O00154,2024-02-07,C0109,P005,1,0,電子マネー,2
O00155,2024-02-07,C0188,P038,1,0,電子マネー,2
O00156,2024-02-08,C0187,P032,1,0,クレジットカード,2
O00157,2024-02-08,C0026,P038,1,0,コンビニ払い,1
O00158,2024-02-08,C0245,P006,1,0,クレジットカード,3
O00159,2024-02-08,C0338,P038,1,0.2,電子マネー,1
O00160,2024-02-09,C0073,P029,1,0.05,クレジットカード,4
O00161,2024-02-09,C0338,P030,1,0,代金引換,1
O00162,2024-02-10,C0238,P020,3,0.05,クレジットカード,1
O00163,2024-02-10,C0277,P029,2,0.2,電子マネー,2
O00164,2024-02-10,C0283,P038,1,0.05,クレジットカード,3
O00165,2024-02-10,C0277,P024,1,0,電子マネー,2
O00166,2024-02-10,C0191,P014,1,0.05,クレジットカード,3
O00167,2024-02-10,C0134,P038,1,0,クレジットカード,1
O00168,2024-02-10,C0055,P018,1,0,電子マネー,3
O00169,2024-02-10,C0233,P036,1,0,クレジットカード,2
O00170,2024-02-11,C0056,P032,1,0,クレジットカード,3
O00171,2024-02-11,C0300,P014,2,0.05,クレジットカード,1
O00172,2024-02-11,C0134,P016,1,0,電子マネー,3
O00173,2024-02-11,C0049,P029,1,0,クレジットカード,3
O00174,2024-02-11,C0297,P029,1,0,クレジットカード,3
O00175,2024-02-12,C0167,P017,1,0,クレジットカード,1
O00176,2024-02-12,C0073,P005,1,0.05,クレジットカード,3
O00177,2024-02-12,C0112,P019,1,0,クレジットカード,1
O00178,2024-02-12,C0238,P036,1,0,クレジットカード,1
O00179,2024-02-13,C0297,P029,1,0.1,コンビニ払い,1
O00180,2024-02-13,C0268,P038,1,0,銀行振込,2
O00181,2024-02-13,C0043,P004,1,0.05,銀行振込,3
O00182,2024-02-13,C0245,P029,1,0,クレジットカード,2
O00183,2024-02-14,C0256,P015,1,0.1,コンビニ払い,2
O00184,2024-02-14,C0369,P004,1,0,コンビニ払い,1
O00185,2024-02-14,C0023,P038,1,0,電子マネー,2
O00186,2024-02-14,C0144,P027,2,0,電子マネー,2
O00187,2024-02-15,C0055,P038,1,0,コンビニ払い,2
O00188,2024-02-15,C0233,P019,1,0,電子マネー,2
O00189,2024-02-15,C0297,P040,1,0,代金引換,1
O00190,2024-02-16,C0233,P025,1,0,クレジットカード,3
O00191,2024-02-16,C0167,P038,1,0,電子マネー,1
O00192,2024-02-16,C0253,P038,1,0,クレジットカード,2
O00193,2024-02-17,C0245,P019,1,0,クレジットカード,3
O00194,2024-02-17,C0023,P038,1,0,銀行振込,2
O00195,2024-02-17,C0297,P038,3,0,クレジットカード,1
O00196,2024-02-18,C0297,P034,1,0,銀行振込,1
O00197,2024-02-19,C0126,P019,1,0,クレジットカード,4
O00198,2024-02-19,C0238,P038,1,0,コンビニ払い,2
O00199,2024-02-19,C0275,P002,1,0,コンビニ払い,2
O00200,2024-02-20,C0294,P029,1,0,代金引換,3
O00201,2024-02-20,C0338,P034,1,0,クレジットカード,1
O00202,2024-02-20,C0163,P033,2,0.05,クレジットカード,1
O00203,2024-02-20,C0300,P020,2,0.2,銀行振込,1
O00204,2024-02-20,C0240,P005,1,0,電子マネー,1
O00205,2024-02-21,C0179,P038,1,0,電子マネー,1
O00206,2024-02-21,C0109,P038,1,0,クレジットカード,3
O00207,2024-02-21,C0410,P033,1,0.1,クレジットカード,1
O00208,2024-02-21,C0399,P005,1,0,コンビニ払い,1
O00209,2024-02-21,C0256,P019,1,0,クレジットカード,1
O00210,2024-02-21,C0043,P028,1,0.2,クレジットカード,3
O00211,2024-02-21,C0188,P016,1,0,電子マネー,3
O00212,2024-02-22,C0144,P024,2,0.1,銀行振込,1
O00213,2024-02-22,C0253,P038,1,0.2,代金引換,2
O00214,2024-02-22,C0233,P006,1,0,コンビニ払い,4
O00215,2024-02-23,C0410,P026,1,0,銀行振込,1
O00216,2024-02-23,C0294,P032,1,0,クレジットカード,3
O00217,2024-02-23,C0267,P033,1,0,コンビニ払い,1
O00218,2024-02-24,C0366,P038,1,0,クレジットカード,2
O00219,2024-02-24,C0056,P031,1,0,コンビニ払い,3
O00220,2024-02-24,C0238,P030,2,0,クレジットカード,2
O00221,2024-02-24,C0193,P013,1,0,コンビニ払い,2
O00222,2024-02-25,C0369,P014,2,0,クレジットカード,1
O00223,2024-02-25,C0213,P019,1,0,クレジットカード,4
O00224,2024-02-25,C0067,P019,2,0.2,クレジットカード,3
O00225,2024-02-25,C0147,P029,1,0,コンビニ払い,4
O00226,2024-02-25,C0240,P029,1,0.1,コンビニ払い,1
O00227,2024-02-25,C0369,P014,1,0,クレジットカード,1
O00228,2024-02-25,C0300,P038,1,0,銀行振込,1
O00229,2024-02-26,C0323,P029,2,0,電子マネー,3
O00230,2024-02-27,C0240,P038,1,0,コンビニ払い,2
O00231,2024-02-27,C0055,P029,1,0.05,クレジットカード,2
O00232,2024-02-28,C0277,P035,1,0,代金引換,1
O00233,2024-02-28,C0238,P014,3,0.3,クレジットカード,1
O00234,2024-02-28,C0073,P018,1,0,銀行振込,4
O00235,2024-02-28,C0267,P005,1,0,クレジットカード,2
O00236,2024-02-28,C0342,P013,1,0.2,代金引換,1
O00237,2024-02-29,C0129,P030,1,0.1,電子マネー,1
O00238,2024-02-29,C0179,P014,1,0,電子マネー,2
O00239,2024-02-29,C0256,P036,1,0.05,銀行振込,1
O00240,2024-02-29,C0188,P019,1,0,電子マネー,3
O00241,2024-03-01,C0134,P032,1,0.1,クレジットカード,1
O00242,2024-03-01,C0196,P032,1,0,クレジットカード,3
O00243,2024-03-01,C0056,P029,1,0,電子マネー,3
O00244,2024-03-02,C0245,P014,1,0,銀行振込,3
O00245,2024-03-03,C0304,P032,2,0,コンビニ払い,2
O00246,2024-03-03,C0112,P020,1,0,電子マネー,1
O00247,2024-03-03,C0297,P004,2,0,クレジットカード,2
O00248,2024-03-03,C0134,P038,1,0.2,銀行振込,2
O00249,2024-03-03,C0137,P038,1,0,クレジットカード,2
O00250,2024-03-04,C0213,P022,1,0,電子マネー,3
O00251,2024-03-04,C0182,P032,1,0,電子マネー,3
O00252,2024-03-04,C0233,P038,1,0,コンビニ払い,2
O00253,2024-03-05,C0271,P025,1,0,クレジットカード,4
O00254,2024-03-05,C0112,P019,1,0.2,コンビニ払い,1
O00255,2024-03-05,C0345,P029,2,0,クレジットカード,2
O00256,2024-03-05,C0323,P013,1,0,クレジットカード,3
O00257,2024-03-05,C0193,P005,1,0,電子マネー,2
O00258,2024-03-06,C0067,P014,1,0.05,電子マネー,2
O00259,2024-03-06,C0327,P029,1,0,クレジットカード,2
O00260,2024-03-06,C0267,P029,2,0,コンビニ払い,2
O00261,2024-03-06,C0300,P009,1,0,クレジットカード,1
O00262,2024-03-06,C0238,P019,1,0,コンビニ払い,2
O00263,2024-03-06,C0233,P021,1,0,コンビニ払い,2
O00264,2024-03-07,C0238,P019,1,0,銀行振込,1
O00265,2024-03-07,C0085,P029,1,0.05,クレジットカード,2
O00266,2024-03-07,C0167,P011,1,0,コンビニ払い,2
O00267,2024-03-08,C0098,P019,1,0.1,クレジットカード,3
O00268,2024-03-08,C0345,P028,1,0.1,電子マネー,2
O00269,2024-03-09,C0287,P035,1,0,クレジットカード,2
O00270,2024-03-10,C0233,P029,2,0,クレジットカード,2
O00271,2024-03-10,C0134,P038,1,0.05,代金引換,2
O00272,2024-03-10,C0287,P009,1,0,代金引換,2
O00273,2024-03-10,C0267,P029,1,0,クレジットカード,1
O00274,2024-03-10,C0381,P013,2,0.2,電子マネー,3
O00275,2024-03-11,C0073,P020,1,0,コンビニ払い,4
O00276,2024-03-11,C0213,P038,1,0,電子マネー,4
O00277,2024-03-11,C0073,P033,1,0.05,コンビニ払い,4
O00278,2024-03-11,C0327,P019,1,0,クレジットカード,3
O00279,2024-03-11,C0253,P009,1,0,クレジットカード,1
O00280,2024-03-11,C0238,P006,1,0,クレジットカード,1
O00281,2024-03-12,C0112,P014,1,0.1,コンビニ払い,1
O00282,2024-03-12,C0268,P015,1,0,クレジットカード,2
O00283,2024-03-13,C0245,P001,1,0,銀行振込,2
O00284,2024-03-13,C0134,P019,1,0.1,クレジットカード,1
O00285,2024-03-13,C0134,P011,2,0.2,銀行振込,1
O00286,2024-03-13,C0238,P003,1,0,電子マネー,2
O00287,2024-03-13,C0339,P014,1,0,クレジットカード,4
O00288,2024-03-14,C0369,P029,2,0.2,電子マネー,1
O00289,2024-03-14,C0410,P004,1,0,コンビニ払い,1
O00290,2024-03-14,C0145,P019,3,0.1,クレジットカード,2
O00291,2024-03-14,C0127,P005,1,0.05,クレジットカード,5
O00292,2024-03-15,C0287,P029,1,0,クレジットカード,2
O00293,2024-03-15,C0388,P038,1,0.1,クレジットカード,3
O00294,2024-03-15,C0179,P032,1,0.05,代金引換,2
O00295,2024-03-15,C0275,P038,1,0,コンビニ払い,2
O00296,2024-03-15,C0210,P022,1,0,電子マネー,4
O00297,2024-03-15,C0238,P014,1,0,クレジットカード,1
O00298,2024-03-16,C0256,P016,1,0.05,コンビニ払い,1
O00299,2024-03-17,C0297,P038,1,0,クレジットカード,3
O00300,2024-03-17,C0049,P014,1,0,電子マネー,3
O00301,2024-03-17,C0238,P019,1,0.05,クレジットカード,1
O00302,2024-03-17,C0369,P004,1,0,クレジットカード,1
O00303,2024-03-18,C0098,P019,1,0,クレジットカード,2
O00304,2024-03-18,C0137,P001,1,0,コンビニ払い,2
O00305,2024-03-18,C0238,P002,1,0,クレジットカード,1
O00306,2024-03-19,C0165,P014,2,0,コンビニ払い,2
O00307,2024-03-19,C0144,P038,1,0,電子マネー,1
O00308,2024-03-19,C0073,P029,1,0,クレジットカード,3
O00309,2024-03-19,C0238,P038,1,0,コンビニ払い,1
O00310,2024-03-20,C0233,P014,1,0,銀行振込,3
O00311,2024-03-20,C0233,P029,1,0,コンビニ払い,2
O00312,2024-03-20,C0187,P023,1,0,クレジットカード,4
O00313,2024-03-20,C0275,P008,1,0,クレジットカード,1
O00314,2024-03-21,C0073,P021,1,0,クレジットカード,3
O00315,2024-03-21,C0245,P014,4,0.1,クレジットカード,2
O00316,2024-03-21,C0070,P019,2,0.1,クレジットカード,1
O00317,2024-03-21,C0240,P029,1,0,クレジットカード,1
O00318,2024-03-21,C0049,P038,1,0.05,クレジットカード,3
O00319,2024-03-21,C0163,P013,1,0.05,電子マネー,1
O00320,2024-03-22,C0098,P006,1,0.05,コンビニ払い,2
O00321,2024-03-22,C0327,P007,1,0.1,代金引換,2
O00322,2024-03-22,C0144,P028,1,0,クレジットカード,2
O00323,2024-03-22,C0134,P028,1,0,コンビニ払い,2
O00324,2024-03-22,C0210,P038,1,0,銀行振込,2
O00325,2024-03-22,C0338,P038,1,0,クレジットカード,1
O00326,2024-03-23,C0267,P013,1,0,コンビニ払い,1
O00327,2024-03-23,C0240,P033,1,0,クレジットカード,2
O00328,2024-03-24,C0196,P036,1,0,クレジットカード,2
O00329,2024-03-24,C0345,P009,2,0,クレジットカード,2
O00330,2024-03-24,C0297,P025,2,0,クレジットカード,1
O00331,2024-03-24,C0312,P030,1,0,銀行振込,1
O00332,2024-03-24,C0399,P014,2,0,クレジットカード,2
O00333,2024-03-24,C0304,P014,1,0,クレジットカード,3
O00334,2024-03-24,C0049,P002,1,0.05,電子マネー,3
O00335,2024-03-24,C0287,P035,1,0,電子マネー,3
O00336,2024-03-26,C0213,P029,1,0,クレジットカード,5
O00337,2024-03-26,C0049,P033,1,0,クレジットカード,3
O00338,2024-03-26,C0144,P014,1,0.2,コンビニ払い,1
O00339,2024-03-26,C0236,P019,1,0,電子マネー,2
O00340,2024-03-26,C0271,P019,2,0.3,代金引換,3
O00341,2024-03-26,C0413,P033,1,0.1,クレジットカード,2
O00342,2024-03-27,C0023,P032,1,0,電子マネー,2
O00343,2024-03-27,C0249,P014,1,0,銀行振込,2
O00344,2024-03-27,C0338,P038,1,0,電子マネー,1
O00345,2024-03-28,C0233,P033,1,0,クレジットカード,3
O00346,2024-03-28,C0253,P014,1,0.1,クレジットカード,2
O00347,2024-03-28,C0287,P034,1,0,代金引換,2
O00348,2024-03-28,C0299,P036,1,0.05,コンビニ払い,2
O00349,2024-03-28,C0213,P020,1,0,電子マネー,3
O00350,2024-03-29,C0249,P022,2,0.1,代金引換,3
O00351,2024-03-29,C0267,P038,1,0,クレジットカード,2
O00352,2024-03-29,C0193,P019,3,0.2,クレジットカード,1
O00353,2024-03-30,C0043,P033,1,0,電子マネー,4
O00354,2024-03-30,C0126,P029,1,0,コンビニ払い,2
O00355,2024-03-30,C0338,P032,1,0,クレジットカード,2
O00356,2024-03-30,C0369,P025,1,0,クレジットカード,1
O00357,2024-03-30,C0269,P031,2,0,クレジットカード,2
O00358,2024-04-01,C0267,P038,1,0,コンビニ払い,1
O00359,2024-04-02,C0129,P038,1,0,電子マネー,2
O00360,2024-04-02,C0283,P030,1,0,電子マネー,2
O00361,2024-04-02,C0134,P028,1,0,クレジットカード,1
O00362,2024-04-02,C0144,P014,1,0.1,代金引換,2
O00363,2024-04-03,C0023,P018,2,0.2,クレジットカード,3
O00364,2024-04-04,C0192,P010,1,0,コンビニ払い,2
O00365,2024-04-04,C0016,P038,1,0,コンビニ払い,3
O00366,2024-04-04,C0134,P019,1,0,電子マネー,1
O00367,2024-04-05,C0213,P029,1,0,クレジットカード,4
O00368,2024-04-05,C0112,P021,1,0,電子マネー,1
O00369,2024-04-06,C0410,P013,1,0,クレジットカード,1
O00370,2024-04-06,C0267,P025,1,0,クレジットカード,1
O00371,2024-04-06,C0238,P015,1,0,クレジットカード,1
O00372,2024-04-06,C0188,P033,1,0,電子マネー,4
O00373,2024-04-07,C0245,P036,1,0,銀行振込,3
O00374,2024-04-07,C0214,P038,1,0,クレジットカード,2
O00375,2024-04-07,C0238,P030,1,0,コンビニ払い,1
O00376,2024-04-07,C0240,P006,1,0,コンビニ払い,1
O00377,2024-04-07,C0137,P019,4,0.1,クレジットカード,3
O00378,2024-04-08,C0267,P019,1,0,クレジットカード,1
O00379,2024-04-08,C0413,P009,1,0,クレジットカード,2
O00380,2024-04-08,C0399,P038,1,0,クレジットカード,2
O00381,2024-04-08,C0384,P019,1,0,代金引換,2
O00382,2024-04-08,C0338,P014,1,0,電子マネー,1
O00383,2024-04-08,C0253,P014,1,0,クレジットカード,1
O00384,2024-04-09,C0023,P014,1,0,クレジットカード,2
O00385,2024-04-10,C0134,P038,1,0,電子マネー,1
O00386,2024-04-11,C0399,P002,1,0,クレジットカード,2
O00387,2024-04-11,C0287,P019,1,0,クレジットカード,3
O00388,2024-04-12,C0098,P025,1,0,クレジットカード,3
O00389,2024-04-13,C0342,P038,1,0.05,電子マネー,1
O00390,2024-04-13,C0297,P038,2,0.1,クレジットカード,1
O00391,2024-04-13,C0276,P019,1,0,クレジットカード,3
O00392,2024-04-14,C0249,P004,1,0,クレジットカード,1
O00393,2024-04-14,C0267,P025,1,0.05,クレジットカード,2
O00394,2024-04-14,C0323,P029,1,0,コンビニ払い,3
O00395,2024-04-15,C0283,P009,1,0,代金引換,3
O00396,2024-04-15,C0147,P029,2,0.1,クレジットカード,4
O00397,2024-04-15,C0381,P005,1,0,クレジットカード,3
O00398,2024-04-16,C0256,P019,1,0,クレジットカード,2
O00399,2024-04-16,C0233,P030,1,0,クレジットカード,3
O00400,2024-04-16,C0055,P007,1,0,クレジットカード,2
O00401,2024-04-16,C0268,P035,2,0,クレジットカード,2
O00402,2024-04-17,C0098,P038,1,0.05,代金引換,3
O00403,2024-04-17,C0381,P029,2,0,銀行振込,3
O00404,2024-04-17,C0413,P018,2,0,クレジットカード,2
O00405,2024-04-18,C0328,P014,1,0,クレジットカード,3
O00406,2024-04-18,C0055,P019,1,0,電子マネー,2
O00407,2024-04-18,C0059,P038,1,0,代金引換,2
O00408,2024-04-18,C0267,P009,1,0,代金引換,1
O00409,2024-04-18,C0049,P023,1,0,クレジットカード,3
O00410,2024-04-18,C0192,P019,1,0.2,銀行振込,3
O00411,2024-04-18,C0263,P005,2,0,クレジットカード,1
O00412,2024-04-18,C0304,P029,1,0.05,クレジットカード,2
O00413,2024-04-18,C0182,P038,2,0,銀行振込,2
O00414,2024-04-19,C0049,P029,1,0,コンビニ払い,4
O00415,2024-04-19,C0179,P019,1,0.1,電子マネー,2
O00416,2024-04-19,C0399,P019,3,0.3,クレジットカード,3
O00417,2024-04-19,C0307,P014,1,0.1,銀行振込,3
O00418,2024-04-20,C0026,P029,1,0,電子マネー,1
O00419,2024-04-20,C0339,P038,1,0,銀行振込,4
O00420,2024-04-20,C0144,P013,1,0,クレジットカード,1
O00421,2024-04-20,C0277,P038,1,0,電子マネー,1
O00422,2024-04-20,C0210,P014,1,0,電子マネー,2
O00423,2024-04-21,C0335,P019,1,0,クレジットカード,3
O00424,2024-04-21,C0276,P038,1,0,銀行振込,4
O00425,2024-04-21,C0275,P005,2,0.05,クレジットカード,1
O00426,2024-04-21,C0276,P028,1,0,クレジットカード,3
O00427,2024-04-21,C0287,P014,3,0.05,クレジットカード,3
O00428,2024-04-21,C0267,P019,1,0,クレジットカード,1
O00429,2024-04-21,C0134,P033,1,0,銀行振込,1
O00430,2024-04-21,C0073,P024,1,0,代金引換,3
O00431,2024-04-21,C0283,P019,1,0,クレジットカード,2
O00432,2024-04-21,C0112,P014,1,0.05,コンビニ払い,1
O00433,2024-04-22,C0381,P014,1,0,クレジットカード,4
O00434,2024-04-22,C0126,P029,1,0,電子マネー,2
O00435,2024-04-22,C0112,P038,1,0,コンビニ払い,2
O00436,2024-04-22,C0297,P024,1,0,代金引換,2
O00437,2024-04-23,C0384,P021,1,0,クレジットカード,1
O00438,2024-04-23,C0240,P018,1,0,銀行振込,1
O00439,2024-04-23,C0255,P014,1,0,クレジットカード,2
O00440,2024-04-23,C0073,P028,3,0,電子マネー,3
O00441,2024-04-23,C0413,P030,1,0,クレジットカード,2
O00442,2024-04-23,C0413,P014,1,0,クレジットカード,3
O00443,2024-04-23,C0345,P015,1,0,クレジットカード,2
O00444,2024-04-23,C0238,P038,1,0,コンビニ払い,2
O00445,2024-04-23,C0323,P038,1,0.1,クレジットカード,3
O00446,2024-04-24,C0253,P029,1,0,クレジットカード,2
O00447,2024-04-24,C0238,P002,3,0.05,電子マネー,1
O00448,2024-04-24,C0240,P006,1,0,クレジットカード,1
O00449,2024-04-25,C0147,P012,1,0,クレジットカード,3
O00450,2024-04-25,C0254,P030,1,0.05,電子マネー,2
O00451,2024-04-26,C0049,P034,1,0.2,クレジットカード,3
O00452,2024-04-26,C0296,P029,1,0,電子マネー,4
O00453,2024-04-27,C0253,P019,1,0,電子マネー,1
O00454,2024-04-27,C0145,P005,1,0.05,コンビニ払い,3
O00455,2024-04-27,C0294,P006,1,0,クレジットカード,2
O00456,2024-04-27,C0267,P014,2,0,クレジットカード,2
O00457,2024-04-27,C0238,P019,1,0,クレジットカード,1
O00458,2024-04-29,C0297,P038,2,0.05,コンビニ払い,1
O00459,2024-04-29,C0399,P027,1,0,電子マネー,1
O00460,2024-04-29,C0141,P038,1,0,クレジットカード,1
O00461,2024-04-30,C0245,P014,1,0,代金引換,2
O00462,2024-04-30,C0233,P014,1,0.05,電子マネー,2
O00463,2024-04-30,C0208,P033,1,0,電子マネー,2
O00464,2024-05-01,C0271,P014,1,0.1,電子マネー,3
O00465,2024-05-01,C0294,P025,1,0,電子マネー,2
O00466,2024-05-01,C0413,P035,1,0,電子マネー,2
O00467,2024-05-02,C0023,P029,1,0.05,電子マネー,2
O00468,2024-05-02,C0263,P014,1,0,クレジットカード,2
O00469,2024-05-02,C0055,P038,2,0,クレジットカード,2
O00470,2024-05-04,C0299,P038,1,0.05,銀行振込,2
O00471,2024-05-04,C0167,P029,1,0,電子マネー,1
O00472,2024-05-04,C0049,P013,1,0.05,電子マネー,3
O00473,2024-05-05,C0384,P033,1,0,クレジットカード,1
O00474,2024-05-05,C0413,P039,1,0,コンビニ払い,2
O00475,2024-05-05,C0249,P029,2,0,クレジットカード,1
O00476,2024-05-05,C0255,P036,1,0.05,銀行振込,3
O00477,2024-05-05,C0297,P030,1,0,クレジットカード,1
O00478,2024-05-05,C0067,P038,1,0,電子マネー,2
O00479,2024-05-06,C0245,P021,1,0,電子マネー,3
O00480,2024-05-06,C0338,P004,2,0,コンビニ払い,1
O00481,2024-05-07,C0085,P038,1,0,電子マネー,3
O00482,2024-05-08,C0327,P038,1,0,クレジットカード,2
O00483,2024-05-08,C0109,P038,1,0,クレジットカード,4
O00484,2024-05-09,C0410,P023,1,0,クレジットカード,1
O00485,2024-05-09,C0338,P019,1,0,クレジットカード,1
O00486,2024-05-09,C0271,P019,1,0,クレジットカード,3
O00487,2024-05-10,C0263,P011,2,0.1,クレジットカード,2
O00488,2024-05-10,C0287,P030,2,0,電子マネー,2
O00489,2024-05-10,C0323,P019,1,0.05,コンビニ払い,3
O00490,2024-05-11,C0253,P019,1,0.1,クレジットカード,2
O00491,2024-05-11,C0369,P039,1,0.1,電子マネー,2
O00492,2024-05-11,C0300,P020,1,0,電子マネー,2
O00493,2024-05-11,C0275,P020,1,0,コンビニ払い,1
O00494,2024-05-11,C0141,P029,1,0,電子マネー,2
O00495,2024-05-11,C0238,P039,1,0.05,クレジットカード,2
O00496,2024-05-11,C0297,P019,1,0,コンビニ払い,1
O00497,2024-05-11,C0134,P021,1,0,クレジットカード,2
O00498,2024-05-12,C0188,P004,1,0,クレジットカード,3
O00499,2024-05-12,C0335,P010,1,0,クレジットカード,3
O00500,2024-05-12,C0256,P026,1,0,クレジットカード,1
O00501,2024-05-12,C0335,P005,1,0,クレジットカード,4
O00502,2024-05-12,C0016,P005,1,0,クレジットカード,3
O00503,2024-05-12,C0193,P026,1,0,代金引換,1
O00504,2024-05-12,C0294,P019,1,0,クレジットカード,2
O00505,2024-05-13,C0129,P040,1,0.1,銀行振込,1
O00506,2024-05-13,C0384,P004,1,0,銀行振込,1
O00507,2024-05-13,C0192,P030,1,0,銀行振込,2
O00508,2024-05-14,C0338,P014,1,0,クレジットカード,1
O00509,2024-05-14,C0233,P029,1,0,銀行振込,2
O00510,2024-05-14,C0055,P037,1,0,クレジットカード,3
O00511,2024-05-14,C0016,P014,1,0,銀行振込,3
O00512,2024-05-15,C0055,P009,1,0,コンビニ払い,3
O00513,2024-05-15,C0310,P029,3,0.2,銀行振込,2
O00514,2024-05-15,C0304,P019,1,0,代金引換,2
O00515,2024-05-15,C0141,P038,1,0.3,コンビニ払い,2
O00516,2024-05-16,C0238,P009,1,0.3,電子マネー,2
O00517,2024-05-16,C0255,P029,1,0.05,電子マネー,2
O00518,2024-05-16,C0283,P016,1,0.2,クレジットカード,2
O00519,2024-05-17,C0277,P038,1,0,電子マネー,1
O00520,2024-05-18,C0388,P016,1,0,クレジットカード,4
O00521,2024-05-18,C0297,P019,1,0,銀行振込,1
O00522,2024-05-18,C0193,P019,1,0,クレジットカード,2
O00523,2024-05-18,C0187,P038,1,0,クレジットカード,2
O00524,2024-05-18,C0323,P019,1,0,コンビニ払い,3
O00525,2024-05-18,C0399,P038,1,0,クレジットカード,2
O00526,2024-05-19,C0193,P033,2,0,コンビニ払い,1
O00527,2024-05-19,C0023,P019,1,0,銀行振込,3
O00528,2024-05-19,C0245,P038,1,0,電子マネー,3
O00529,2024-05-20,C0299,P038,1,0,クレジットカード,3
O00530,2024-05-20,C0134,P032,2,0,電子マネー,2
O00531,2024-05-20,C0339,P032,1,0,クレジットカード,3
O00532,2024-05-22,C0173,P019,2,0,代金引換,2
O00533,2024-05-22,C0287,P036,1,0,クレジットカード,2
O00534,2024-05-22,C0253,P013,1,0,コンビニ払い,1
O00535,2024-05-23,C0238,P004,1,0,電子マネー,1
O00536,2024-05-23,C0134,P020,1,0,クレジットカード,1
O00537,2024-05-24,C0056,P014,1,0,クレジットカード,2
O00538,2024-05-24,C0276,P019,1,0,クレジットカード,4
O00539,2024-05-24,C0236,P019,1,0,クレジットカード,1
O00540,2024-05-24,C0297,P032,1,0,クレジットカード,2
O00541,2024-05-24,C0339,P005,1,0,コンビニ払い,4
O00542,2024-05-25,C0214,P029,1,0,電子マネー,2
O00543,2024-05-25,C0289,P038,1,0,銀行振込,2
O00544,2024-05-25,C0267,P029,1,0,代金引換,1
O00545,2024-05-26,C0277,P014,1,0,コンビニ払い,1
O00546,2024-05-26,C0369,P038,1,0,電子マネー,1
O00547,2024-05-26,C0134,P019,2,0.1,コンビニ払い,1
O00548,2024-05-26,C0049,P005,1,0,クレジットカード,3
O00549,2024-05-27,C0041,P038,2,0,クレジットカード,1
O00550,2024-05-27,C0112,P034,1,0,代金引換,1
O00551,2024-05-27,C0267,P038,1,0.2,クレジットカード,1
O00552,2024-05-27,C0114,P038,1,0,コンビニ払い,2
O00553,2024-05-28,C0297,P034,1,0,クレジットカード,2
O00554,2024-05-28,C0049,P014,2,0,クレジットカード,3
O00555,2024-05-28,C0338,P008,1,0,クレジットカード,2
O00556,2024-05-28,C0338,P022,2,0,クレジットカード,1
O00557,2024-05-28,C0073,P033,1,0,クレジットカード,3
O00558,2024-05-29,C0267,P014,1,0,電子マネー,2
O00559,2024-05-29,C0238,P036,1,0,クレジットカード,1
O00560,2024-05-29,C0384,P038,1,0,代金引換,2
O00561,2024-05-29,C0300,P014,1,0.1,電子マネー,1
O00562,2024-05-29,C0287,P019,1,0,コンビニ払い,2
O00563,2024-05-29,C0059,P033,1,0,コンビニ払い,1
O00564,2024-05-29,C0297,P001,1,0,クレジットカード,1
O00565,2024-05-30,C0056,P014,1,0,クレジットカード,2
O00566,2024-05-30,C0307,P013,1,0,コンビニ払い,2
O00567,2024-05-30,C0188,P019,3,0.3,クレジットカード,2
O00568,2024-05-30,C0342,P018,2,0,クレジットカード,1
O00569,2024-05-30,C0245,P004,1,0.05,クレジットカード,2
O00570,2024-05-30,C0233,P029,1,0,コンビニ払い,2
O00571,2024-05-31,C0073,P019,1,0,電子マネー,3
O00572,2024-05-31,C0297,P008,1,0.1,電子マネー,1
O00573,2024-05-31,C0043,P020,2,0.3,コンビニ払い,3
O00574,2024-05-31,C0297,P019,1,0,コンビニ払い,2
O00575,2024-05-31,C0085,P029,2,0.2,銀行振込,3
O00576,2024-05-31,C0238,P037,1,0,銀行振込,1
O00577,2024-06-01,C0338,P019,1,0,代金引換,1
O00578,2024-06-01,C0210,P014,1,0,コンビニ払い,3
O00579,2024-06-02,C0276,P014,1,0,クレジットカード,3
O00580,2024-06-02,C0144,P038,1,0,電子マネー,1
O00581,2024-06-02,C0345,P033,1,0,クレジットカード,2
O00582,2024-06-02,C0342,P009,2,0.05,クレジットカード,2
O00583,2024-06-02,C0062,P029,2,0,クレジットカード,4
O00584,2024-06-03,C0299,P038,1,0,電子マネー,2
O00585,2024-06-03,C0167,P002,1,0.05,電子マネー,2
O00586,2024-06-03,C0277,P032,1,0,クレジットカード,2
O00587,2024-06-04,C0328,P006,1,0,クレジットカード,4
O00588,2024-06-04,C0167,P025,1,0,電子マネー,2
O00589,2024-06-04,C0255,P038,2,0,クレジットカード,3
O00590,2024-06-04,C0384,P002,4,0.3,コンビニ払い,1
O00591,2024-06-05,C0410,P019,1,0,電子マネー,2
O00592,2024-06-05,C0166,P019,1,0.1,電子マネー,1
O00593,2024-06-05,C0098,P029,1,0,代金引換,2
O00594,2024-06-05,C0399,P031,2,0,コンビニ払い,1
O00595,2024-06-05,C0297,P019,1,0.3,電子マネー,2
O00596,2024-06-06,C0384,P039,1,0,クレジットカード,2
O00597,2024-06-06,C0134,P038,1,0.05,コンビニ払い,3
O00598,2024-06-07,C0049,P014,2,0.05,コンビニ払い,4
O00599,2024-06-07,C0197,P036,1,0,クレジットカード,3
O00600,2024-06-07,C0144,P014,1,0,代金引換,1
O00601,2024-06-07,C0134,P029,1,0.2,電子マネー,1
O00602,2024-06-07,C0036,P025,1,0,クレジットカード,2
O00603,2024-06-07,C0238,P019,1,0,コンビニ払い,1
O00604,2024-06-08,C0210,P033,1,0,代金引換,2
O00605,2024-06-08,C0297,P019,1,0,電子マネー,2
O00606,2024-06-09,C0342,P014,2,0,クレジットカード,2
O00607,2024-06-09,C0016,P038,1,0.1,クレジットカード,3
O00608,2024-06-09,C0369,P014,1,0,電子マネー,1
O00609,2024-06-09,C0256,P038,1,0,コンビニ払い,1
O00610,2024-06-09,C0310,P028,1,0,クレジットカード,2
O00611,2024-06-09,C0043,P038,1,0,クレジットカード,4
O00612,2024-06-10,C0297,P020,1,0,電子マネー,2
O00613,2024-06-10,C0253,P008,2,0.2,クレジットカード,2
O00614,2024-06-10,C0144,P019,3,0.2,代金引換,1
O00615,2024-06-10,C0267,P014,1,0,クレジットカード,2
O00616,2024-06-11,C0129,P038,1,0,クレジットカード,1
O00617,2024-06-11,C0256,P004,1,0,代金引換,1
O00618,2024-06-11,C0253,P033,1,0,電子マネー,2
O00619,2024-06-12,C0321,P036,1,0,クレジットカード,5
O00620,2024-06-12,C0287,P004,1,0,クレジットカード,2
O00621,2024-06-12,C0245,P015,2,0,電子マネー,3
O00622,2024-06-13,C0369,P014,1,0,クレジットカード,1
O00623,2024-06-13,C0271,P005,2,0,電子マネー,4
O00624,2024-06-13,C0241,P005,1,0.05,クレジットカード,2
O00625,2024-06-13,C0267,P038,1,0,コンビニ払い,1
O00626,2024-06-15,C0214,P002,1,0,代金引換,2
O00627,2024-06-16,C0233,P019,1,0.05,コンビニ払い,2
O00628,2024-06-16,C0269,P038,1,0,コンビニ払い,2
O00629,2024-06-16,C0090,P019,2,0,電子マネー,2
O00630,2024-06-16,C0055,P029,1,0,コンビニ払い,2
O00631,2024-06-16,C0073,P033,1,0.05,クレジットカード,3
O00632,2024-06-16,C0141,P012,2,0,クレジットカード,1
O00633,2024-06-16,C0339,P033,2,0,クレジットカード,3
O00634,2024-06-17,C0399,P029,1,0,クレジットカード,1
O00635,2024-06-17,C0300,P038,1,0.2,銀行振込,1
O00636,2024-06-17,C0384,P038,1,0,コンビニ払い,1
O00637,2024-06-17,C0381,P019,2,0.05,クレジットカード,5
O00638,2024-06-17,C0098,P038,1,0,電子マネー,2
O00639,2024-06-18,C0413,P038,1,0,クレジットカード,2
O00640,2024-06-18,C0339,P032,1,0.05,銀行振込,3
O00641,2024-06-18,C0267,P038,1,0.2,電子マネー,1
O00642,2024-06-19,C0173,P019,1,0,クレジットカード,1
O00643,2024-06-19,C0321,P005,1,0,クレジットカード,4
O00644,2024-06-20,C0268,P038,1,0,銀行振込,2
O00645,2024-06-20,C0275,P038,1,0,コンビニ払い,1
O00646,2024-06-21,C0276,P040,1,0,銀行振込,4
O00647,2024-06-21,C0144,P038,1,0,クレジットカード,1
O00648,2024-06-22,C0129,P019,2,0.05,電子マネー,1
O00649,2024-06-22,C0335,P014,1,0,電子マネー,4
O00650,2024-06-23,C0238,P013,1,0,クレジットカード,1
O00651,2024-06-23,C0098,P014,1,0,コンビニ払い,3
O00652,2024-06-23,C0369,P038,1,0,クレジットカード,2
O00653,2024-06-23,C0073,P014,3,0,電子マネー,4
O00654,2024-06-23,C0385,P014,1,0,クレジットカード,1
O00655,2024-06-23,C0363,P038,1,0.05,クレジットカード,1
O00656,2024-06-23,C0134,P038,1,0,電子マネー,1
O00657,2024-06-24,C0381,P019,1,0,コンビニ払い,4
O00658,2024-06-24,C0090,P038,1,0,クレジットカード,2
O00659,2024-06-24,C0384,P004,1,0,電子マネー,1
O00660,2024-06-25,C0167,P036,1,0,電子マネー,1
O00661,2024-06-25,C0129,P019,2,0,電子マネー,2
O00662,2024-06-25,C0134,P014,1,0,クレジットカード,1
O00663,2024-06-26,C0273,P038,1,0,電子マネー,2
O00664,2024-06-26,C0129,P012,1,0,クレジットカード,1
O00665,2024-06-26,C0399,P008,2,0.3,クレジットカード,1
O00666,2024-06-26,C0173,P036,2,0,電子マネー,1
O00667,2024-06-26,C0299,P038,1,0.05,銀行振込,3
O00668,2024-06-26,C0056,P038,1,0.05,クレジットカード,3
O00669,2024-06-26,C0073,P036,1,0,コンビニ払い,4
O00670,2024-06-27,C0090,P038,1,0,クレジットカード,2
O00671,2024-06-27,C0384,P038,2,0,クレジットカード,1
O00672,2024-06-27,C0271,P002,2,0,代金引換,3
O00673,2024-06-27,C0210,P039,1,0,クレジットカード,3
O00674,2024-06-27,C0384,P033,2,0,クレジットカード,1
O00675,2024-06-27,C0144,P004,1,0.3,銀行振込,2
O00676,2024-06-28,C0145,P038,1,0,コンビニ払い,2
O00677,2024-06-28,C0238,P009,1,0,銀行振込,2
O00678,2024-06-28,C0253,P029,1,0,コンビニ払い,2
O00679,2024-06-29,C0342,P032,1,0.2,代金引換,1
O00680,2024-06-29,C0297,P012,2,0,クレジットカード,1
O00681,2024-06-30,C0328,P033,1,0,銀行振込,3
O00682,2024-07-01,C0344,P040,1,0,コンビニ払い,4
O00683,2024-07-01,C0279,P004,1,0.1,コンビニ払い,3
O00684,2024-07-01,C0289,P009,1,0.1,電子マネー,1
O00685,2024-07-02,C0381,P038,1,0.1,クレジットカード,3
O00686,2024-07-02,C0129,P006,1,0,電子マネー,2
O00687,2024-07-02,C0090,P038,1,0.2,コンビニ払い,2
O00688,2024-07-02,C0192,P033,1,0,クレジットカード,3
O00689,2024-07-03,C0098,P009,1,0,コンビニ払い,2
O00690,2024-07-03,C0129,P004,1,0,クレジットカード,2
O00691,2024-07-03,C0384,P019,2,0,クレジットカード,1
O00692,2024-07-03,C0187,P038,1,0,電子マネー,3
O00693,2024-07-04,C0410,P020,1,0.1,コンビニ払い,3
O00694,2024-07-04,C0385,P014,1,0,コンビニ払い,1
O00695,2024-07-04,C0273,P021,1,0.2,クレジットカード,2
O00696,2024-07-04,C0338,P039,2,0.1,銀行振込,1
O00697,2024-07-04,C0249,P019,1,0.05,クレジットカード,2
O00698,2024-07-04,C0129,P038,1,0.3,電子マネー,1
O00699,2024-07-05,C0369,P020,1,0.3,銀行振込,2
O00700,2024-07-05,C0351,P014,4,0,代金引換,2
O00701,2024-07-06,C0399,P029,1,0.05,電子マネー,1
O00702,2024-07-06,C0109,P019,1,0,コンビニ払い,2
O00703,2024-07-06,C0222,P014,1,0,クレジットカード,1
O00704,2024-07-06,C0122,P014,2,0.2,コンビニ払い,2
O00705,2024-07-06,C0090,P014,2,0.05,クレジットカード,3
O00706,2024-07-06,C0134,P013,3,0.1,クレジットカード,1
O00707,2024-07-07,C0232,P014,1,0,コンビニ払い,1
O00708,2024-07-07,C0369,P038,1,0,クレジットカード,1
O00709,2024-07-07,C0144,P014,2,0,銀行振込,2
O00710,2024-07-07,C0090,P033,1,0.05,銀行振込,2
O00711,2024-07-07,C0283,P004,1,0.1,電子マネー,2
O00712,2024-07-07,C0233,P009,1,0,代金引換,2
O00713,2024-07-07,C0385,P025,1,0,電子マネー,1
O00714,2024-07-08,C0287,P038,2,0.3,クレジットカード,2
O00715,2024-07-08,C0310,P038,1,0.1,クレジットカード,2
O00716,2024-07-08,C0296,P033,1,0,クレジットカード,3
O00717,2024-07-08,C0345,P032,1,0.1,電子マネー,2
O00718,2024-07-08,C0239,P009,1,0.05,クレジットカード,3
O00719,2024-07-08,C0043,P019,1,0,電子マネー,3
O00720,2024-07-08,C0041,P015,2,0.2,電子マネー,1
O00721,2024-07-09,C0041,P031,1,0.1,クレジットカード,1
O00722,2024-07-09,C0249,P009,1,0.2,クレジットカード,1
O00723,2024-07-09,C0043,P038,1,0.2,クレジットカード,3
O00724,2024-07-09,C0338,P033,1,0.2,銀行振込,2
O00725,2024-07-09,C0277,P030,1,0.2,電子マネー,1
O00726,2024-07-09,C0312,P006,1,0.2,コンビニ払い,1
O00727,2024-07-09,C0134,P019,1,0,銀行振込,1
O00728,2024-07-09,C0036,P019,1,0.3,クレジットカード,2
O00729,2024-07-10,C0109,P014,1,0.05,銀行振込,2
O00730,2024-07-10,C0369,P026,1,0,銀行振込,1
O00731,2024-07-10,C0299,P038,1,0.2,代金引換,2
O00732,2024-07-10,C0240,P029,3,0.3,代金引換,2
O00733,2024-07-10,C0085,P029,1,0.1,銀行振込,2
O00734,2024-07-10,C0022,P032,1,0.1,クレジットカード,2
O00735,2024-07-11,C0399,P019,1,0.1,代金引換,1
O00736,2024-07-11,C0300,P026,1,0,コンビニ払い,1
O00737,2024-07-11,C0321,P033,1,0,電子マネー,3
O00738,2024-07-11,C0323,P029,1,0,電子マネー,3
O00739,2024-07-11,C0137,P004,2,0,銀行振込,2
O00740,2024-07-12,C0134,P014,1,0,クレジットカード,2
O00741,2024-07-12,C0084,P018,2,0.2,クレジットカード,2
O00742,2024-07-12,C0109,P040,1,0.2,クレジットカード,2
O00743,2024-07-12,C0410,P027,1,0,クレジットカード,1
O00744,2024-07-13,C0284,P030,1,0.2,クレジットカード,1
O00745,2024-07-13,C0090,P029,2,0,コンビニ払い,2
O00746,2024-07-13,C0017,P028,1,0.3,電子マネー,1
O00747,2024-07-13,C0090,P019,1,0,コンビニ払い,2
O00748,2024-07-13,C0381,P029,1,0,銀行振込,4
O00749,2024-07-13,C0038,P038,1,0.3,クレジットカード,1
O00750,2024-07-14,C0335,P019,1,0,銀行振込,3
O00751,2024-07-14,C0254,P029,1,0,代金引換,2
O00752,2024-07-14,C0344,P019,1,0,クレジットカード,3
O00753,2024-07-15,C0410,P003,1,0,コンビニ払い,1
O00754,2024-07-15,C0399,P036,1,0.1,クレジットカード,1
O00755,2024-07-15,C0384,P001,1,0.2,代金引換,2
O00756,2024-07-15,C0090,P038,1,0.2,銀行振込,2
O00757,2024-07-15,C0084,P023,1,0,電子マネー,2
O00758,2024-07-15,C0384,P038,1,0,クレジットカード,1
O00759,2024-07-15,C0167,P014,2,0.1,クレジットカード,1
O00760,2024-07-15,C0281,P019,1,0.1,銀行振込,2
O00761,2024-07-16,C0238,P039,1,0.05,電子マネー,2
O00762,2024-07-16,C0196,P038,1,0.1,クレジットカード,3
O00763,2024-07-16,C0355,P038,1,0.1,クレジットカード,2
O00764,2024-07-16,C0137,P038,1,0,クレジットカード,3
O00765,2024-07-16,C0056,P037,2,0.3,電子マネー,3
O00766,2024-07-17,C0307,P038,1,0.05,クレジットカード,3
O00767,2024-07-17,C0335,P029,2,0.2,代金引換,3
O00768,2024-07-17,C0240,P005,1,0.2,クレジットカード,2
O00769,2024-07-17,C0196,P013,1,0,クレジットカード,2
O00770,2024-07-17,C0399,P033,1,0.1,クレジットカード,1
O00771,2024-07-17,C0267,P029,1,0,クレジットカード,1
O00772,2024-07-18,C0351,P014,1,0.1,クレジットカード,2
O00773,2024-07-18,C0267,P033,1,0.2,銀行振込,1
O00774,2024-07-18,C0238,P038,1,0.05,クレジットカード,1
O00775,2024-07-18,C0041,P038,2,0.1,クレジットカード,1
O00776,2024-07-18,C0289,P034,1,0.05,クレジットカード,1
O00777,2024-07-19,C0307,P038,1,0.2,クレジットカード,2
O00778,2024-07-19,C0112,P002,1,0.05,電子マネー,1
O00779,2024-07-19,C0090,P038,1,0,銀行振込,2
O00780,2024-07-20,C0047,P038,1,0.05,電子マネー,2
O00781,2024-07-20,C0098,P024,3,0.3,銀行振込,2
O00782,2024-07-20,C0231,P038,1,0.1,クレジットカード,2
O00783,2024-07-20,C0381,P040,1,0.2,銀行振込,3
O00784,2024-07-21,C0255,P038,1,0.3,クレジットカード,2
O00785,2024-07-21,C0238,P005,1,0,代金引換,1
O00786,2024-07-21,C0277,P014,1,0.1,クレジットカード,1
O00787,2024-07-21,C0267,P019,2,0.1,コンビニ払い,1
O00788,2024-07-21,C0191,P014,2,0.2,銀行振込,3
O00789,2024-07-22,C0236,P038,1,0.2,銀行振込,1
O00790,2024-07-22,C0319,P013,1,0.2,銀行振込,3
O00791,2024-07-22,C0299,P032,1,0,銀行振込,2
O00792,2024-07-22,C0255,P034,1,0.05,クレジットカード,2
O00793,2024-07-23,C0090,P019,1,0.1,銀行振込,2
O00794,2024-07-23,C0369,P008,1,0,銀行振込,1
O00795,2024-07-23,C0197,P019,1,0.1,代金引換,4
O00796,2024-07-24,C0090,P019,1,0,クレジットカード,3
O00797,2024-07-24,C0381,P019,1,0.05,コンビニ払い,3
O00798,2024-07-24,C0147,P038,1,0,コンビニ払い,3
O00799,2024-07-24,C0055,P038,1,0.3,コンビニ払い,2
O00800,2024-07-24,C0016,P004,2,0.1,クレジットカード,3
O00801,2024-07-25,C0134,P005,1,0.3,銀行振込,1
O00802,2024-07-25,C0177,P033,1,0.1,代金引換,3
O00803,2024-07-25,C0302,P038,1,0.1,クレジットカード,4
O00804,2024-07-25,C0023,P011,3,0.3,コンビニ払い,2
O00805,2024-07-26,C0267,P022,1,0.3,コンビニ払い,1
O00806,2024-07-26,C0281,P032,1,0.2,クレジットカード,2
O00807,2024-07-26,C0310,P038,1,0,クレジットカード,3
O00808,2024-07-26,C0267,P038,1,0.1,クレジットカード,2
O00809,2024-07-27,C0273,P004,1,0,クレジットカード,3
O00810,2024-07-28,C0384,P009,2,0.05,クレジットカード,3
O00811,2024-07-28,C0241,P011,1,0,クレジットカード,1
O00812,2024-07-28,C0055,P029,1,0.1,クレジットカード,2
O00813,2024-07-28,C0381,P004,1,0,クレジットカード,4
O00814,2024-07-28,C0384,P035,1,0.2,クレジットカード,1
O00815,2024-07-28,C0241,P019,1,0.2,電子マネー,2
O00816,2024-07-29,C0253,P019,1,0.2,コンビニ払い,1
O00817,2024-07-29,C0196,P025,1,0.2,クレジットカード,2
O00818,2024-07-29,C0056,P017,3,0.3,電子マネー,2
O00819,2024-07-30,C0277,P030,1,0,代金引換,1
O00820,2024-07-30,C0134,P038,1,0.3,電子マネー,1
O00821,2024-07-30,C0210,P014,1,0.05,電子マネー,2
O00822,2024-07-30,C0055,P038,1,0.05,銀行振込,3
O00823,2024-07-31,C0233,P029,1,0,電子マネー,2
O00824,2024-07-31,C0022,P038,1,0.1,銀行振込,3
O00825,2024-07-31,C0394,P029,1,0,銀行振込,3
O00826,2024-08-01,C0241,P014,1,0,クレジットカード,2
O00827,2024-08-01,C0385,P014,1,0,コンビニ払い,3
O00828,2024-08-02,C0369,P002,1,0,銀行振込,1
O00829,2024-08-02,C0275,P036,1,0.1,クレジットカード,3
O00830,2024-08-02,C0344,P038,1,0,電子マネー,3
O00831,2024-08-03,C0049,P025,1,0,クレジットカード,3
O00832,2024-08-03,C0238,P038,1,0.1,クレジットカード,1
O00833,2024-08-03,C0240,P031,1,0,電子マネー,1
O00834,2024-08-04,C0289,P038,1,0,銀行振込,1
O00835,2024-08-04,C0297,P019,2,0,クレジットカード,2
O00836,2024-08-04,C0022,P021,1,0,クレジットカード,2
O00837,2024-08-04,C0369,P029,1,0,クレジットカード,1
O00838,2024-08-04,C0310,P023,1,0,コンビニ払い,2
O00839,2024-08-04,C0287,P014,1,0,電子マネー,2
O00840,2024-08-05,C0384,P004,2,0,コンビニ払い,2
O00841,2024-08-05,C0249,P014,1,0,クレジットカード,1
O00842,2024-08-05,C0127,P012,1,0.1,クレジットカード,3
O00843,2024-08-05,C0267,P005,2,0,クレジットカード,3
O00844,2024-08-05,C0196,P017,1,0.05,代金引換,2
O00845,2024-08-05,C0384,P020,1,0,代金引換,2
O00846,2024-08-06,C0263,P038,2,0,銀行振込,2
O00847,2024-08-06,C0188,P029,1,0,クレジットカード,2
O00848,2024-08-06,C0160,P021,1,0,クレジットカード,2
O00849,2024-08-06,C0002,P014,1,0,クレジットカード,3
O00850,2024-08-06,C0163,P014,1,0,コンビニ払い,2
O00851,2024-08-06,C0381,P038,1,0,銀行振込,3
O00852,2024-08-06,C0297,P014,1,0,銀行振込,2
O00853,2024-08-07,C0134,P038,1,0,電子マネー,1
O00854,2024-08-08,C0036,P013,1,0,代金引換,3
O00855,2024-08-08,C0134,P014,1,0.05,コンビニ払い,2
O00856,2024-08-08,C0134,P040,1,0,クレジットカード,1
O00857,2024-08-08,C0128,P038,1,0,代金引換,2
O00858,2024-08-08,C0129,P019,1,0,クレジットカード,1
O00859,2024-08-08,C0297,P038,1,0,銀行振込,1
O00860,2024-08-09,C0090,P009,1,0,クレジットカード,3
O00861,2024-08-09,C0230,P016,2,0.1,銀行振込,2
O00862,2024-08-10,C0304,P014,1,0,電子マネー,2
O00863,2024-08-10,C0384,P013,1,0.1,電子マネー,2
O00864,2024-08-10,C0098,P017,1,0,銀行振込,2
O00865,2024-08-10,C0369,P028,1,0.1,電子マネー,1
O00866,2024-08-10,C0338,P038,1,0,代金引換,1
O00867,2024-08-10,C0369,P009,1,0,クレジットカード,1
O00868,2024-08-11,C0299,P009,1,0,クレジットカード,2
O00869,2024-08-11,C0413,P032,1,0.1,クレジットカード,2
O00870,2024-08-11,C0273,P038,1,0,クレジットカード,2
O00871,2024-08-11,C0271,P024,2,0.2,クレジットカード,3
O00872,2024-08-12,C0047,P029,1,0,銀行振込,3
O00873,2024-08-12,C0059,P030,2,0,電子マネー,2
O00874,2024-08-12,C0327,P038,1,0.1,コンビニ払い,2
O00875,2024-08-12,C0098,P013,2,0.05,クレジットカード,2
O00876,2024-08-12,C0273,P004,1,0.1,電子マネー,3
O00877,2024-08-13,C0289,P029,1,0,クレジットカード,3
O00878,2024-08-13,C0090,P038,1,0.05,電子マネー,2
O00879,2024-08-13,C0388,P009,1,0,クレジットカード,4
O00880,2024-08-14,C0369,P004,1,0,クレジットカード,1
O00881,2024-08-15,C0399,P032,2,0,銀行振込,1
O00882,2024-08-15,C0299,P009,1,0,クレジットカード,2
O00883,2024-08-15,C0307,P014,1,0,クレジットカード,3
O00884,2024-08-15,C0399,P038,1,0,電子マネー,1
O00885,2024-08-16,C0141,P019,1,0,クレジットカード,2
O00886,2024-08-16,C0255,P032,1,0,電子マネー,2
O00887,2024-08-16,C0268,P038,1,0,銀行振込,2
O00888,2024-08-16,C0381,P038,1,0,コンビニ払い,3
O00889,2024-08-16,C0283,P029,1,0,クレジットカード,2
O00890,2024-08-16,C0163,P032,1,0.1,電子マネー,1
O00891,2024-08-16,C0230,P013,1,0.05,銀行振込,1
O00892,2024-08-16,C0297,P029,1,0,クレジットカード,2
O00893,2024-08-17,C0263,P014,1,0,クレジットカード,1
O00894,2024-08-17,C0399,P035,1,0,電子マネー,1
O00895,2024-08-17,C0049,P029,1,0,電子マネー,3
O00896,2024-08-17,C0281,P019,2,0.1,クレジットカード,2
O00897,2024-08-17,C0122,P038,1,0,銀行振込,2
O00898,2024-08-17,C0384,P019,1,0,コンビニ払い,1
O00899,2024-08-17,C0294,P014,1,0,銀行振込,3
O00900,2024-08-18,C0134,P014,1,0,コンビニ払い,2
O00901,2024-08-18,C0090,P013,1,0,電子マネー,4
O00902,2024-08-18,C0236,P038,1,0,クレジットカード,2
O00903,2024-08-18,C0196,P019,1,0,電子マネー,3
O00904,2024-08-19,C0384,P013,1,0,クレジットカード,3
O00905,2024-08-19,C0109,P004,1,0,コンビニ払い,2
O00906,2024-08-19,C0170,P038,1,0,クレジットカード,4
O00907,2024-08-19,C0413,P029,1,0,銀行振込,4
O00908,2024-08-20,C0253,P004,1,0,電子マネー,1
O00909,2024-08-21,C0323,P015,2,0,クレジットカード,4
O00910,2024-08-21,C0084,P036,1,0,クレジットカード,2
O00911,2024-08-21,C0239,P038,1,0,コンビニ払い,1
O00912,2024-08-21,C0090,P008,1,0,クレジットカード,2
O00913,2024-08-22,C0017,P033,1,0.2,銀行振込,2
O00914,2024-08-22,C0045,P037,1,0,代金引換,2
O00915,2024-08-22,C0338,P019,1,0,クレジットカード,2
O00916,2024-08-22,C0049,P038,1,0,電子マネー,4
O00917,2024-08-22,C0141,P029,1,0,電子マネー,2
O00918,2024-08-22,C0300,P030,1,0,電子マネー,2
O00919,2024-08-23,C0182,P019,1,0.1,銀行振込,1
O00920,2024-08-23,C0255,P029,1,0.1,クレジットカード,3
O00921,2024-08-24,C0289,P013,1,0,クレジットカード,2
O00922,2024-08-24,C0241,P037,1,0,クレジットカード,2
O00923,2024-08-24,C0134,P038,1,0,コンビニ払い,1
O00924,2024-08-24,C0232,P038,1,0,クレジットカード,1
O00925,2024-08-25,C0277,P014,2,0,クレジットカード,1
O00926,2024-08-25,C0263,P035,1,0.1,クレジットカード,1
O00927,2024-08-25,C0055,P003,1,0,代金引換,2
O00928,2024-08-25,C0369,P020,1,0.1,コンビニ払い,2
O00929,2024-08-26,C0045,P033,1,0,代金引換,2
O00930,2024-08-26,C0043,P038,2,0,コンビニ払い,4
O00931,2024-08-27,C0134,P019,3,0.1,クレジットカード,2
O00932,2024-08-27,C0090,P011,1,0.1,クレジットカード,3
O00933,2024-08-27,C0256,P027,1,0,コンビニ払い,3
O00934,2024-08-28,C0137,P014,1,0,電子マネー,2
O00935,2024-08-28,C0399,P038,1,0,電子マネー,2
O00936,2024-08-28,C0090,P029,1,0,クレジットカード,2
O00937,2024-08-29,C0073,P019,1,0,電子マネー,5
O00938,2024-08-29,C0369,P038,1,0.2,クレジットカード,1
O00939,2024-08-29,C0384,P014,1,0,コンビニ払い,1
O00940,2024-08-30,C0402,P019,1,0.05,クレジットカード,2
O00941,2024-08-30,C0134,P031,1,0,電子マネー,1
O00942,2024-08-30,C0144,P038,1,0,電子マネー,1
O00943,2024-08-30,C0302,P014,1,0,クレジットカード,3
O00944,2024-08-31,C0376,P004,1,0,クレジットカード,2
O00945,2024-08-31,C0274,P014,1,0.1,クレジットカード,1
O00946,2024-08-31,C0297,P029,1,0,銀行振込,2
O00947,2024-08-31,C0289,P014,1,0,クレジットカード,2
O00948,2024-09-01,C0385,P038,1,0,銀行振込,2
O00949,2024-09-01,C0360,P019,1,0.1,銀行振込,2
O00950,2024-09-01,C0247,P038,1,0,クレジットカード,3
O00951,2024-09-02,C0232,P011,1,0,電子マネー,2
O00952,2024-09-02,C0384,P019,2,0,銀行振込,1
O00953,2024-09-02,C0245,P001,1,0,クレジットカード,3
O00954,2024-09-02,C0394,P019,1,0,コンビニ払い,3
O00955,2024-09-02,C0287,P008,1,0,銀行振込,2
O00956,2024-09-02,C0126,P014,2,0,クレジットカード,3
O00957,2024-09-02,C0297,P019,1,0,コンビニ払い,1
O00958,2024-09-02,C0247,P016,1,0,クレジットカード,3
O00959,2024-09-02,C0210,P004,2,0.3,クレジットカード,2
O00960,2024-09-03,C0057,P014,1,0,銀行振込,4
O00961,2024-09-03,C0210,P028,1,0,クレジットカード,2
O00962,2024-09-03,C0381,P034,2,0,クレジットカード,3
O00963,2024-09-03,C0230,P036,1,0,コンビニ払い,1
O00964,2024-09-03,C0351,P013,1,0,銀行振込,1
O00965,2024-09-04,C0289,P029,1,0,銀行振込,1
O00966,2024-09-05,C0294,P029,3,0,代金引換,2
O00967,2024-09-05,C0272,P009,2,0.1,代金引換,3
O00968,2024-09-05,C0255,P038,2,0,コンビニ払い,3
O00969,2024-09-05,C0310,P017,1,0,クレジットカード,2
O00970,2024-09-05,C0277,P033,1,0,クレジットカード,1
O00971,2024-09-06,C0363,P014,1,0,クレジットカード,2
O00972,2024-09-06,C0297,P033,1,0,クレジットカード,2
O00973,2024-09-06,C0184,P023,3,0.3,代金引換,1
O00974,2024-09-07,C0370,P019,1,0,電子マネー,1
O00975,2024-09-07,C0098,P033,1,0,クレジットカード,3
O00976,2024-09-08,C0245,P019,1,0.2,電子マネー,2
O00977,2024-09-08,C0230,P013,2,0.2,電子マネー,1
O00978,2024-09-08,C0384,P029,2,0,電子マネー,2
O00979,2024-09-08,C0420,P035,1,0,代金引換,1
O00980,2024-09-09,C0297,P021,1,0,電子マネー,1
O00981,2024-09-09,C0186,P014,1,0.05,電子マネー,3
O00982,2024-09-09,C0109,P014,1,0,コンビニ払い,2
O00983,2024-09-10,C0043,P014,1,0,クレジットカード,3
O00984,2024-09-11,C0192,P036,1,0,クレジットカード,2
O00985,2024-09-11,C0167,P009,1,0.05,コンビニ払い,2
O00986,2024-09-11,C0247,P016,2,0,クレジットカード,3
O00987,2024-09-12,C0225,P036,2,0.1,代金引換,1
O00988,2024-09-12,C0049,P025,1,0,クレジットカード,4
O00989,2024-09-12,C0420,P026,1,0,クレジットカード,2
O00990,2024-09-12,C0062,P033,1,0,コンビニ払い,3
O00991,2024-09-13,C0147,P006,1,0,クレジットカード,3
O00992,2024-09-13,C0137,P013,1,0,クレジットカード,2
O00993,2024-09-13,C0240,P038,1,0.05,電子マネー,1
O00994,2024-09-13,C0399,P032,1,0,代金引換,1
O00995,2024-09-13,C0283,P014,1,0,銀行振込,3
O00996,2024-09-13,C0384,P014,2,0,クレジットカード,2
O00997,2024-09-13,C0230,P014,1,0,電子マネー,1
O00998,2024-09-13,C0323,P019,1,0,クレジットカード,5
O00999,2024-09-14,C0323,P004,1,0,電子マネー,3
O01000,2024-09-14,C0298,P035,1,0,クレジットカード,3
O01001,2024-09-14,C0345,P005,1,0,クレジットカード,2
O01002,2024-09-14,C0055,P031,1,0,コンビニ払い,2
O01003,2024-09-15,C0376,P019,1,0,コンビニ払い,3
O01004,2024-09-15,C0049,P012,1,0,クレジットカード,3
O01005,2024-09-15,C0062,P038,1,0,コンビニ払い,3
O01006,2024-09-15,C0268,P012,1,0,クレジットカード,3
O01007,2024-09-15,C0238,P023,1,0,銀行振込,2
O01008,2024-09-15,C0360,P023,1,0,クレジットカード,2
O01009,2024-09-16,C0104,P029,1,0,クレジットカード,2
O01010,2024-09-17,C0090,P031,1,0.05,クレジットカード,2
O01011,2024-09-17,C0165,P020,1,0,クレジットカード,3
O01012,2024-09-17,C0276,P029,1,0,クレジットカード,4
O01013,2024-09-17,C0245,P029,1,0,クレジットカード,3
O01014,2024-09-19,C0392,P038,1,0,コンビニ払い,2
O01015,2024-09-19,C0275,P038,1,0,クレジットカード,1
O01016,2024-09-20,C0141,P019,1,0,クレジットカード,1
O01017,2024-09-20,C0294,P005,1,0,クレジットカード,4
O01018,2024-09-20,C0090,P038,1,0,クレジットカード,3
O01019,2024-09-20,C0297,P038,1,0,クレジットカード,1
O01020,2024-09-21,C0277,P029,2,0.1,代金引換,2
O01021,2024-09-21,C0297,P036,1,0,クレジットカード,1
O01022,2024-09-21,C0269,P019,1,0,クレジットカード,1
O01023,2024-09-21,C0230,P011,1,0.1,クレジットカード,1
O01024,2024-09-22,C0127,P038,1,0,銀行振込,3
O01025,2024-09-22,C0276,P038,1,0,代金引換,4
O01026,2024-09-22,C0134,P019,1,0,クレジットカード,2
O01027,2024-09-22,C0049,P029,2,0,クレジットカード,3
O01028,2024-09-22,C0245,P014,1,0,コンビニ払い,3
O01029,2024-09-23,C0222,P029,3,0.2,クレジットカード,1
O01030,2024-09-23,C0381,P029,1,0.05,代金引換,3
O01031,2024-09-23,C0256,P019,1,0,銀行振込,1
O01032,2024-09-24,C0273,P038,2,0,クレジットカード,2
O01033,2024-09-24,C0001,P029,1,0,クレジットカード,4
O01034,2024-09-24,C0369,P014,1,0,コンビニ払い,2
O01035,2024-09-24,C0023,P038,2,0,クレジットカード,4
O01036,2024-09-24,C0294,P029,1,0,クレジットカード,2
O01037,2024-09-25,C0241,P016,1,0,銀行振込,3
O01038,2024-09-26,C0213,P036,1,0,電子マネー,3
O01039,2024-09-26,C0263,P014,1,0,銀行振込,1
O01040,2024-09-26,C0090,P038,1,0.05,クレジットカード,2
O01041,2024-09-26,C0056,P015,2,0,コンビニ払い,3
O01042,2024-09-27,C0055,P019,2,0.3,クレジットカード,3
O01043,2024-09-27,C0141,P002,1,0,電子マネー,1
O01044,2024-09-27,C0370,P020,1,0.05,銀行振込,2
O01045,2024-09-27,C0394,P029,1,0,クレジットカード,4
O01046,2024-09-27,C0267,P006,1,0,電子マネー,1
O01047,2024-09-27,C0049,P019,1,0,クレジットカード,4
O01048,2024-09-27,C0135,P029,1,0,クレジットカード,1
O01049,2024-09-28,C0300,P014,1,0,電子マネー,1
O01050,2024-09-28,C0056,P030,2,0.05,クレジットカード,2
O01051,2024-09-28,C0344,P029,1,0,クレジットカード,3
O01052,2024-09-28,C0392,P019,1,0,コンビニ払い,1
O01053,2024-09-29,C0132,P014,2,0.1,クレジットカード,3
O01054,2024-09-29,C0135,P032,1,0,クレジットカード,1
O01055,2024-09-29,C0245,P029,1,0.05,コンビニ払い,2
O01056,2024-09-29,C0274,P038,1,0.05,クレジットカード,2
O01057,2024-09-29,C0339,P006,1,0,クレジットカード,3
O01058,2024-09-29,C0128,P014,1,0,クレジットカード,1
O01059,2024-09-30,C0129,P019,2,0,クレジットカード,1
O01060,2024-09-30,C0055,P013,1,0,クレジットカード,2
O01061,2024-09-30,C0214,P009,1,0,コンビニ払い,2
O01062,2024-09-30,C0233,P036,1,0,クレジットカード,2
O01063,2024-10-01,C0145,P019,1,0.05,クレジットカード,1
O01064,2024-10-01,C0376,P008,2,0,クレジットカード,2
O01065,2024-10-01,C0134,P038,1,0,銀行振込,2
O01066,2024-10-01,C0363,P038,2,0.3,コンビニ払い,2
O01067,2024-10-02,C0023,P038,1,0.1,電子マネー,2
O01068,2024-10-02,C0399,P038,1,0.1,電子マネー,1
O01069,2024-10-02,C0017,P014,1,0,電子マネー,1
O01070,2024-10-02,C0033,P038,3,0,コンビニ払い,3
O01071,2024-10-03,C0323,P014,1,0,クレジットカード,3
O01072,2024-10-03,C0267,P019,1,0,代金引換,1
O01073,2024-10-03,C0057,P014,2,0,コンビニ払い,3
O01074,2024-10-03,C0328,P014,1,0,電子マネー,4
O01075,2024-10-03,C0287,P038,1,0,コンビニ払い,3
O01076,2024-10-03,C0381,P019,1,0,クレジットカード,3
O01077,2024-10-04,C0193,P014,1,0,クレジットカード,1
O01078,2024-10-04,C0173,P014,1,0.05,クレジットカード,1
O01079,2024-10-04,C0286,P029,1,0,電子マネー,3
O01080,2024-10-04,C0210,P009,1,0.2,クレジットカード,3
O01081,2024-10-05,C0104,P007,1,0,電子マネー,2
O01082,2024-10-05,C0047,P029,1,0,電子マネー,3
O01083,2024-10-05,C0230,P009,1,0,クレジットカード,2
O01084,2024-10-05,C0276,P024,1,0,クレジットカード,4
O01085,2024-10-05,C0090,P032,1,0,クレジットカード,3
O01086,2024-10-05,C0327,P006,1,0,コンビニ払い,2
O01087,2024-10-06,C0196,P002,1,0,コンビニ払い,3
O01088,2024-10-06,C0090,P038,1,0,電子マネー,3
O01089,2024-10-06,C0328,P036,2,0.05,クレジットカード,3
O01090,2024-10-06,C0248,P014,1,0,電子マネー,2
O01091,2024-10-07,C0170,P013,1,0.05,クレジットカード,3
O01092,2024-10-07,C0191,P003,1,0,クレジットカード,3
O01093,2024-10-07,C0275,P023,1,0,銀行振込,1
O01094,2024-10-07,C0210,P014,1,0,電子マネー,2
O01095,2024-10-08,C0240,P014,1,0,電子マネー,2
O01096,2024-10-08,C0090,P001,2,0.1,銀行振込,4
O01097,2024-10-08,C0043,P034,1,0,クレジットカード,3
O01098,2024-10-08,C0144,P019,2,0.1,クレジットカード,1
O01099,2024-10-08,C0267,P013,1,0,銀行振込,1
O01100,2024-10-08,C0376,P038,2,0,クレジットカード,2
O01101,2024-10-08,C0281,P029,1,0,コンビニ払い,3
O01102,2024-10-08,C0328,P013,2,0.05,銀行振込,3
O01103,2024-10-09,C0280,P009,1,0,クレジットカード,3
O01104,2024-10-09,C0055,P029,1,0.05,コンビニ払い,2
O01105,2024-10-09,C0335,P019,2,0,銀行振込,3
O01106,2024-10-09,C0238,P011,1,0,クレジットカード,2
O01107,2024-10-09,C0210,P019,1,0,クレジットカード,3
O01108,2024-10-10,C0280,P008,2,0.2,クレジットカード,3
O01109,2024-10-10,C0025,P033,1,0,コンビニ払い,1
O01110,2024-10-10,C0355,P038,1,0,クレジットカード,2
O01111,2024-10-10,C0307,P030,1,0,クレジットカード,2
O01112,2024-10-10,C0057,P032,1,0,コンビニ払い,2
O01113,2024-10-10,C0231,P036,1,0,電子マネー,3
O01114,2024-10-10,C0090,P029,1,0,クレジットカード,2
O01115,2024-10-10,C0267,P014,1,0.2,クレジットカード,1
O01116,2024-10-10,C0134,P038,1,0.05,コンビニ払い,2
O01117,2024-10-10,C0370,P038,1,0,クレジットカード,2
O01118,2024-10-11,C0112,P038,1,0,クレジットカード,1
O01119,2024-10-11,C0137,P013,1,0,電子マネー,3
O01120,2024-10-11,C0238,P027,1,0,クレジットカード,1
O01121,2024-10-12,C0191,P037,1,0,コンビニ払い,3
O01122,2024-10-12,C0187,P029,1,0,銀行振込,3
O01123,2024-10-12,C0420,P038,1,0,電子マネー,2
O01124,2024-10-12,C0362,P038,1,0.1,銀行振込,3
O01125,2024-10-12,C0355,P029,1,0.1,コンビニ払い,2
O01126,2024-10-12,C0084,P027,1,0,クレジットカード,2
O01127,2024-10-12,C0137,P009,2,0.2,電子マネー,4
O01128,2024-10-13,C0104,P009,1,0,クレジットカード,2
O01129,2024-10-13,C0069,P038,1,0,クレジットカード,3
O01130,2024-10-13,C0360,P013,1,0,電子マネー,2
O01131,2024-10-13,C0328,P014,1,0,銀行振込,3
O01132,2024-10-14,C0302,P014,2,0,銀行振込,3
O01133,2024-10-14,C0141,P038,1,0,クレジットカード,1
O01134,2024-10-14,C0045,P009,1,0,クレジットカード,4
O01135,2024-10-14,C0255,P009,1,0,代金引換,2
O01136,2024-10-14,C0387,P038,1,0.1,クレジットカード,1
O01137,2024-10-15,C0176,P038,1,0,銀行振込,1
O01138,2024-10-15,C0127,P019,2,0.05,クレジットカード,3
O01139,2024-10-16,C0267,P038,1,0,クレジットカード,1
O01140,2024-10-16,C0090,P038,1,0.1,クレジットカード,3
O01141,2024-10-16,C0204,P030,2,0,コンビニ払い,2
O01142,2024-10-16,C0399,P038,1,0,クレジットカード,2
O01143,2024-10-16,C0209,P038,1,0,銀行振込,3
O01144,2024-10-17,C0399,P038,1,0.05,電子マネー,2
O01145,2024-10-17,C0241,P038,1,0,コンビニ払い,1
O01146,2024-10-17,C0170,P038,1,0.1,クレジットカード,3
O01147,2024-10-17,C0399,P029,1,0,銀行振込,2
O01148,2024-10-18,C0276,P029,1,0,クレジットカード,3
O01149,2024-10-18,C0047,P027,1,0,クレジットカード,2
O01150,2024-10-18,C0263,P019,1,0,電子マネー,1
O01151,2024-10-19,C0214,P038,1,0.2,クレジットカード,2
O01152,2024-10-19,C0342,P025,1,0,代金引換,1
O01153,2024-10-19,C0276,P013,1,0,代金引換,4
O01154,2024-10-19,C0274,P038,1,0,クレジットカード,1
O01155,2024-10-19,C0248,P009,1,0.05,電子マネー,3
O01156,2024-10-19,C0289,P027,3,0,代金引換,1
O01157,2024-10-20,C0355,P019,1,0,クレジットカード,2
O01158,2024-10-21,C0297,P019,1,0,クレジットカード,1
O01159,2024-10-21,C0276,P038,2,0,クレジットカード,4
O01160,2024-10-22,C0275,P038,1,0,代金引換,2
O01161,2024-10-22,C0055,P019,1,0,クレジットカード,3
O01162,2024-10-23,C0134,P009,1,0,クレジットカード,2
O01163,2024-10-23,C0376,P021,1,0,銀行振込,2
O01164,2024-10-24,C0090,P019,2,0,銀行振込,3
O01165,2024-10-24,C0385,P009,2,0,代金引換,2
O01166,2024-10-24,C0307,P027,1,0,クレジットカード,2
O01167,2024-10-24,C0073,P029,1,0,代金引換,3
O01168,2024-10-24,C0055,P011,1,0,クレジットカード,3
O01169,2024-10-25,C0297,P038,1,0,クレジットカード,1
O01170,2024-10-25,C0043,P019,2,0.1,代金引換,4
O01171,2024-10-25,C0385,P038,1,0.05,銀行振込,1
O01172,2024-10-25,C0385,P014,1,0,コンビニ払い,1
O01173,2024-10-25,C0248,P040,1,0,電子マネー,3
O01174,2024-10-25,C0323,P004,1,0,銀行振込,3
O01175,2024-10-25,C0221,P038,1,0,クレジットカード,1
O01176,2024-10-26,C0273,P019,1,0,代金引換,3
O01177,2024-10-26,C0090,P014,1,0,銀行振込,2
O01178,2024-10-26,C0090,P014,1,0,クレジットカード,2
O01179,2024-10-27,C0338,P019,2,0,コンビニ払い,2
O01180,2024-10-27,C0241,P038,1,0,クレジットカード,2
O01181,2024-10-27,C0049,P020,1,0.05,コンビニ払い,3
O01182,2024-10-27,C0327,P016,1,0,コンビニ払い,2
O01183,2024-10-27,C0413,P002,1,0,電子マネー,2
O01184,2024-10-29,C0210,P014,1,0,クレジットカード,3
O01185,2024-10-29,C0280,P005,1,0,銀行振込,4
O01186,2024-10-29,C0312,P019,1,0,クレジットカード,1
O01187,2024-10-29,C0233,P038,1,0,電子マネー,2
O01188,2024-10-30,C0281,P038,1,0,クレジットカード,2
O01189,2024-10-30,C0238,P019,1,0.05,コンビニ払い,1
O01190,2024-10-30,C0392,P004,1,0.1,クレジットカード,2
O01191,2024-10-30,C0187,P017,1,0,電子マネー,3
O01192,2024-10-30,C0019,P021,1,0.1,クレジットカード,1
O01193,2024-10-31,C0049,P038,1,0,クレジットカード,4
O01194,2024-10-31,C0381,P014,1,0,電子マネー,3
O01195,2024-10-31,C0310,P036,2,0,クレジットカード,4
O01196,2024-10-31,C0238,P008,1,0,クレジットカード,2
O01197,2024-10-31,C0362,P016,2,0,クレジットカード,2
O01198,2024-10-31,C0384,P019,2,0,代金引換,3
O01199,2024-10-31,C0134,P033,1,0.1,クレジットカード,1
O01200,2024-11-01,C0339,P011,1,0.1,クレジットカード,3
O01201,2024-11-01,C0230,P038,1,0.05,銀行振込,1
O01202,2024-11-01,C0274,P008,1,0,クレジットカード,1
O01203,2024-11-01,C0208,P036,1,0,クレジットカード,2
O01204,2024-11-01,C0134,P008,1,0.2,クレジットカード,1
O01205,2024-11-02,C0209,P032,3,0.2,代金引換,3
O01206,2024-11-02,C0090,P038,1,0.2,電子マネー,3
O01207,2024-11-02,C0387,P014,2,0.3,クレジットカード,1
O01208,2024-11-02,C0281,P029,1,0,クレジットカード,2
O01209,2024-11-02,C0057,P038,2,0,代金引換,2
O01210,2024-11-02,C0176,P028,4,0.3,クレジットカード,1
O01211,2024-11-02,C0049,P006,1,0,電子マネー,4
O01212,2024-11-03,C0225,P006,1,0.1,代金引換,3
O01213,2024-11-03,C0287,P021,2,0.2,電子マネー,3
O01214,2024-11-03,C0186,P038,1,0.2,クレジットカード,3
O01215,2024-11-03,C0399,P028,1,0.1,電子マネー,2
O01216,2024-11-04,C0245,P004,1,0.2,銀行振込,2
O01217,2024-11-04,C0369,P039,1,0.2,電子マネー,1
O01218,2024-11-04,C0263,P019,1,0,クレジットカード,1
O01219,2024-11-04,C0055,P029,1,0.1,コンビニ払い,3
O01220,2024-11-04,C0301,P016,2,0.2,銀行振込,1
O01221,2024-11-04,C0090,P003,3,0.3,クレジットカード,2
O01222,2024-11-04,C0187,P002,1,0,クレジットカード,2
O01223,2024-11-04,C0413,P006,1,0.1,クレジットカード,3
O01224,2024-11-05,C0222,P019,1,0.2,クレジットカード,2
O01225,2024-11-05,C0090,P019,1,0.3,クレジットカード,2
O01226,2024-11-05,C0160,P038,1,0.1,クレジットカード,2
O01227,2024-11-05,C0092,P001,1,0,クレジットカード,2
O01228,2024-11-05,C0381,P021,1,0.1,電子マネー,4
O01229,2024-11-05,C0067,P035,1,0.2,クレジットカード,2
O01230,2024-11-06,C0275,P029,1,0.05,代金引換,2
O01231,2024-11-06,C0301,P025,2,0.05,コンビニ払い,1
O01232,2024-11-06,C0291,P005,1,0.1,代金引換,1
O01233,2024-11-06,C0023,P004,2,0.05,銀行振込,3
O01234,2024-11-06,C0381,P016,1,0,コンビニ払い,4
O01235,2024-11-06,C0090,P032,2,0,電子マネー,2
O01236,2024-11-07,C0420,P030,1,0.1,銀行振込,1
O01237,2024-11-07,C0134,P029,1,0.1,銀行振込,1
O01238,2024-11-07,C0323,P005,1,0.1,クレジットカード,3
O01239,2024-11-07,C0307,P017,3,0.1,銀行振込,3
O01240,2024-11-07,C0057,P019,2,0.1,クレジットカード,2
O01241,2024-11-07,C0384,P019,1,0.05,電子マネー,2
O01242,2024-11-07,C0134,P038,1,0,クレジットカード,2
O01243,2024-11-07,C0253,P029,1,0.05,電子マネー,2
O01244,2024-11-08,C0167,P011,1,0,クレジットカード,1
O01245,2024-11-08,C0160,P038,1,0.2,代金引換,3
O01246,2024-11-08,C0144,P027,4,0.2,電子マネー,1
O01247,2024-11-08,C0253,P019,1,0,クレジットカード,1
O01248,2024-11-08,C0241,P038,1,0.05,電子マネー,2
O01249,2024-11-08,C0057,P038,1,0.05,銀行振込,3
O01250,2024-11-08,C0036,P029,1,0,クレジットカード,2
O01251,2024-11-08,C0384,P029,2,0,クレジットカード,3
O01252,2024-11-08,C0339,P025,2,0,クレジットカード,4
O01253,2024-11-09,C0268,P038,1,0.1,銀行振込,2
O01254,2024-11-10,C0047,P023,1,0,代金引換,2
O01255,2024-11-10,C0255,P014,2,0.2,銀行振込,2
O01256,2024-11-10,C0008,P014,2,0.1,銀行振込,3
O01257,2024-11-10,C0420,P029,1,0,代金引換,2
O01258,2024-11-10,C0145,P030,1,0,クレジットカード,1
O01259,2024-11-10,C0052,P032,1,0.1,クレジットカード,3
O01260,2024-11-10,C0271,P038,1,0.3,コンビニ払い,3
O01261,2024-11-10,C0055,P009,2,0.2,クレジットカード,2
O01262,2024-11-10,C0362,P033,1,0,クレジットカード,3
O01263,2024-11-10,C0307,P038,1,0,クレジットカード,2
O01264,2024-11-10,C0394,P033,2,0.05,銀行振込,3
O01265,2024-11-11,C0254,P038,1,0.1,電子マネー,1
O01266,2024-11-11,C0247,P038,1,0.05,銀行振込,3
O01267,2024-11-11,C0213,P019,2,0.3,クレジットカード,3
O01268,2024-11-11,C0094,P028,1,0.1,クレジットカード,3
O01269,2024-11-12,C0267,P013,1,0.2,代金引換,1
O01270,2024-11-12,C0043,P038,1,0.05,代金引換,3
O01271,2024-11-12,C0036,P025,2,0.1,コンビニ払い,2
O01272,2024-11-12,C0056,P006,1,0,コンビニ払い,2
O01273,2024-11-12,C0033,P038,1,0.1,クレジットカード,3
O01274,2024-11-12,C0022,P009,1,0,コンビニ払い,3
O01275,2024-11-12,C0160,P019,1,0.05,電子マネー,2
O01276,2024-11-13,C0049,P029,2,0,コンビニ払い,4
O01277,2024-11-13,C0420,P014,1,0.2,コンビニ払い,1
O01278,2024-11-13,C0287,P013,1,0.1,クレジットカード,2
O01279,2024-11-13,C0170,P038,1,0.05,クレジットカード,3
O01280,2024-11-14,C0247,P038,1,0.2,コンビニ払い,4
O01281,2024-11-14,C0263,P030,1,0,銀行振込,1
O01282,2024-11-14,C0209,P009,1,0.1,クレジットカード,3
O01283,2024-11-14,C0351,P019,1,0.05,クレジットカード,1
O01284,2024-11-14,C0196,P038,1,0.3,代金引換,2
O01285,2024-11-15,C0210,P019,1,0,クレジットカード,3
O01286,2024-11-15,C0420,P004,2,0.1,銀行振込,1
O01287,2024-11-15,C0297,P030,1,0.2,クレジットカード,2
O01288,2024-11-15,C0345,P019,1,0,クレジットカード,2
O01289,2024-11-15,C0210,P036,1,0,コンビニ払い,2
O01290,2024-11-15,C0275,P028,2,0.1,電子マネー,2
O01291,2024-11-15,C0049,P036,1,0.1,クレジットカード,4
O01292,2024-11-16,C0090,P038,2,0.05,代金引換,3
O01293,2024-11-16,C0127,P014,1,0.2,電子マネー,3
O01294,2024-11-16,C0355,P021,1,0,銀行振込,2
O01295,2024-11-16,C0230,P033,1,0.05,コンビニ払い,1
O01296,2024-11-16,C0221,P038,1,0.2,クレジットカード,2
O01297,2024-11-17,C0234,P004,1,0,クレジットカード,3
O01298,2024-11-17,C0276,P038,1,0.1,電子マネー,3
O01299,2024-11-17,C0392,P006,2,0,コンビニ払い,1
O01300,2024-11-17,C0134,P029,1,0.1,コンビニ払い,2
O01301,2024-11-17,C0237,P020,1,0.05,電子マネー,3
O01302,2024-11-17,C0273,P038,1,0.2,クレジットカード,3
O01303,2024-11-17,C0253,P017,1,0.1,コンビニ払い,1
O01304,2024-11-17,C0132,P019,1,0.1,クレジットカード,3
O01305,2024-11-17,C0256,P038,1,0.3,代金引換,1
O01306,2024-11-17,C0090,P004,1,0,クレジットカード,2
O01307,2024-11-17,C0141,P029,1,0.2,電子マネー,1
O01308,2024-11-17,C0328,P008,1,0,コンビニ払い,3
O01309,2024-11-17,C0209,P040,1,0,クレジットカード,4
O01310,2024-11-17,C0248,P009,1,0.05,銀行振込,2
O01311,2024-11-17,C0420,P020,1,0.2,クレジットカード,2
O01312,2024-11-17,C0273,P019,2,0.2,クレジットカード,2
O01313,2024-11-17,C0247,P019,2,0.2,電子マネー,3
O01314,2024-11-18,C0193,P019,2,0.1,電子マネー,1
O01315,2024-11-18,C0327,P038,1,0,電子マネー,2
O01316,2024-11-18,C0057,P019,1,0.2,クレジットカード,3
O01317,2024-11-19,C0090,P038,1,0,電子マネー,2
O01318,2024-11-20,C0232,P015,1,0,コンビニ払い,2
O01319,2024-11-20,C0238,P006,1,0.2,クレジットカード,1
O01320,2024-11-20,C0134,P030,1,0.2,コンビニ払い,2
O01321,2024-11-21,C0392,P017,3,0.3,コンビニ払い,1
O01322,2024-11-21,C0360,P033,1,0.1,銀行振込,1
O01323,2024-11-21,C0384,P019,1,0,代金引換,2
O01324,2024-11-21,C0129,P038,1,0.05,コンビニ払い,2
O01325,2024-11-21,C0016,P038,2,0.3,銀行振込,3
O01326,2024-11-21,C0317,P038,1,0,クレジットカード,1
O01327,2024-11-21,C0255,P028,1,0.2,クレジットカード,2
O01328,2024-11-22,C0291,P002,1,0.05,代金引換,1
O01329,2024-11-22,C0276,P005,1,0,クレジットカード,4
O01330,2024-11-23,C0233,P016,1,0.1,クレジットカード,2
O01331,2024-11-23,C0036,P029,1,0.1,クレジットカード,4
O01332,2024-11-23,C0187,P036,1,0,クレジットカード,2
O01333,2024-11-23,C0023,P009,3,0.05,クレジットカード,2
O01334,2024-11-23,C0073,P025,3,0.2,電子マネー,3
O01335,2024-11-24,C0221,P029,1,0,銀行振込,3
O01336,2024-11-24,C0253,P019,1,0,銀行振込,1
O01337,2024-11-24,C0090,P014,2,0.2,クレジットカード,2
O01338,2024-11-24,C0070,P038,1,0.05,コンビニ払い,1
O01339,2024-11-24,C0090,P038,1,0,クレジットカード,3
O01340,2024-11-24,C0045,P009,2,0,クレジットカード,2
O01341,2024-11-24,C0267,P038,1,0.1,代金引換,2
O01342,2024-11-25,C0277,P017,2,0.1,コンビニ払い,1
O01343,2024-11-25,C0384,P014,3,0.3,クレジットカード,1
O01344,2024-11-25,C0134,P037,1,0.2,コンビニ払い,1
O01345,2024-11-25,C0043,P038,1,0,電子マネー,3
O01346,2024-11-26,C0112,P038,1,0,クレジットカード,2
O01347,2024-11-26,C0393,P038,2,0.1,電子マネー,3
O01348,2024-11-26,C0023,P014,1,0.05,クレジットカード,3
O01349,2024-11-27,C0047,P029,2,0.2,クレジットカード,3
O01350,2024-11-27,C0384,P038,1,0,電子マネー,2
O01351,2024-11-27,C0263,P004,2,0.1,銀行振込,1
O01352,2024-11-27,C0392,P028,2,0.3,クレジットカード,1
O01353,2024-11-27,C0230,P013,1,0.1,電子マネー,1
O01354,2024-11-27,C0167,P004,3,0.3,クレジットカード,1
O01355,2024-11-28,C0294,P014,2,0.05,クレジットカード,2
O01356,2024-11-28,C0394,P009,1,0,コンビニ払い,3
O01357,2024-11-28,C0059,P014,1,0,コンビニ払い,1
O01358,2024-11-28,C0199,P038,1,0,電子マネー,2
O01359,2024-11-28,C0230,P025,1,0.05,銀行振込,1
O01360,2024-11-28,C0384,P029,2,0.2,電子マネー,2
O01361,2024-11-29,C0263,P002,1,0.05,クレジットカード,1
O01362,2024-11-29,C0253,P019,1,0.1,クレジットカード,2
O01363,2024-11-29,C0225,P038,1,0,クレジットカード,1
O01364,2024-11-30,C0240,P029,2,0,電子マネー,1
O01365,2024-11-30,C0294,P038,1,0,クレジットカード,3
O01366,2024-11-30,C0399,P023,3,0.1,クレジットカード,3
O01367,2024-11-30,C0340,P019,2,0.3,電子マネー,1
O01368,2024-11-30,C0210,P015,3,0.2,クレジットカード,2
O01369,2024-11-30,C0049,P038,1,0.05,コンビニ払い,4
O01370,2024-11-30,C0043,P038,1,0.3,コンビニ払い,3
O01371,2024-11-30,C0307,P025,1,0,銀行振込,3
O01372,2024-11-30,C0141,P019,1,0.05,コンビニ払い,2
O01373,2024-11-30,C0129,P019,2,0,銀行振込,2
O01374,2024-11-30,C0333,P005,1,0.1,クレジットカード,2
O01375,2024-12-01,C0047,P013,1,0,電子マネー,2
O01376,2024-12-01,C0057,P014,1,0.05,クレジットカード,2
O01377,2024-12-01,C0351,P038,1,0,コンビニ払い,1
O01378,2024-12-01,C0144,P029,2,0,コンビニ払い,1
O01379,2024-12-01,C0141,P004,1,0,代金引換,1
O01380,2024-12-01,C0328,P038,1,0,クレジットカード,3
O01381,2024-12-02,C0291,P036,1,0,銀行振込,2
O01382,2024-12-02,C0233,P008,2,0,電子マネー,2
O01383,2024-12-02,C0230,P009,1,0,電子マネー,1
O01384,2024-12-02,C0170,P019,2,0.05,代金引換,3
O01385,2024-12-02,C0245,P014,1,0,クレジットカード,2
O01386,2024-12-02,C0334,P014,1,0,電子マネー,3
O01387,2024-12-02,C0245,P014,1,0.05,銀行振込,2
O01388,2024-12-02,C0144,P004,1,0.05,銀行振込,1
O01389,2024-12-02,C0239,P037,1,0,電子マネー,1
O01390,2024-12-03,C0415,P013,2,0.05,電子マネー,2
O01391,2024-12-03,C0307,P029,2,0,電子マネー,2
O01392,2024-12-03,C0209,P029,1,0.05,コンビニ払い,5
O01393,2024-12-03,C0209,P016,2,0,銀行振込,3
O01394,2024-12-03,C0399,P032,2,0.1,電子マネー,1
O01395,2024-12-04,C0276,P029,1,0,クレジットカード,4
O01396,2024-12-04,C0057,P038,1,0,電子マネー,2
O01397,2024-12-04,C0055,P014,1,0,クレジットカード,3
O01398,2024-12-04,C0221,P038,1,0,銀行振込,2
O01399,2024-12-04,C0129,P019,1,0,銀行振込,2
O01400,2024-12-04,C0420,P038,1,0,クレジットカード,1
O01401,2024-12-04,C0245,P036,1,0,電子マネー,3
O01402,2024-12-05,C0392,P038,1,0,電子マネー,1
O01403,2024-12-05,C0247,P014,1,0,コンビニ払い,3
O01404,2024-12-05,C0334,P014,1,0,クレジットカード,2
O01405,2024-12-05,C0338,P033,2,0,電子マネー,1
O01406,2024-12-05,C0160,P035,1,0,クレジットカード,4
O01407,2024-12-05,C0128,P011,1,0,クレジットカード,2
O01408,2024-12-05,C0345,P005,1,0,電子マネー,2
O01409,2024-12-05,C0041,P034,1,0.1,クレジットカード,1
O01410,2024-12-06,C0109,P014,1,0,クレジットカード,2
O01411,2024-12-06,C0230,P019,1,0,クレジットカード,1
O01412,2024-12-06,C0310,P014,1,0.1,代金引換,3
O01413,2024-12-06,C0221,P009,2,0.05,クレジットカード,1
O01414,2024-12-07,C0362,P004,1,0.05,電子マネー,2
O01415,2024-12-07,C0294,P019,1,0,銀行振込,2
O01416,2024-12-07,C0134,P012,1,0,クレジットカード,1
O01417,2024-12-07,C0047,P026,1,0,クレジットカード,2
O01418,2024-12-07,C0073,P034,1,0,クレジットカード,3
O01419,2024-12-07,C0287,P040,2,0,代金引換,2
O01420,2024-12-08,C0033,P030,1,0.05,電子マネー,3
O01421,2024-12-08,C0144,P005,1,0.1,電子マネー,2
O01422,2024-12-08,C0171,P040,1,0,代金引換,1
O01423,2024-12-08,C0104,P009,1,0,コンビニ払い,3
O01424,2024-12-08,C0287,P039,1,0,クレジットカード,2
O01425,2024-12-08,C0213,P019,2,0.2,銀行振込,3
O01426,2024-12-08,C0291,P014,1,0,クレジットカード,1
O01427,2024-12-08,C0231,P038,1,0,電子マネー,2
O01428,2024-12-09,C0090,P038,1,0,銀行振込,2
O01429,2024-12-09,C0256,P038,1,0,電子マネー,1
O01430,2024-12-09,C0222,P004,1,0,電子マネー,2
O01431,2024-12-09,C0399,P004,1,0,電子マネー,1
O01432,2024-12-09,C0098,P013,1,0,電子マネー,2
O01433,2024-12-09,C0277,P038,1,0,電子マネー,3
O01434,2024-12-09,C0271,P033,1,0.05,電子マネー,3
O01435,2024-12-09,C0209,P027,1,0.1,クレジットカード,3
O01436,2024-12-09,C0033,P038,1,0,クレジットカード,2
O01437,2024-12-10,C0122,P038,1,0,電子マネー,2
O01438,2024-12-10,C0394,P019,1,0,コンビニ払い,4
O01439,2024-12-10,C0090,P019,1,0.2,電子マネー,2
O01440,2024-12-11,C0256,P019,1,0,電子マネー,2
O01441,2024-12-11,C0098,P013,1,0,クレジットカード,2
O01442,2024-12-11,C0297,P009,2,0,電子マネー,1
O01443,2024-12-11,C0191,P038,1,0,電子マネー,3
O01444,2024-12-11,C0415,P008,1,0,クレジットカード,2
O01445,2024-12-11,C0280,P036,1,0,電子マネー,4
O01446,2024-12-11,C0263,P029,1,0,代金引換,1
O01447,2024-12-12,C0134,P005,2,0.1,電子マネー,1
O01448,2024-12-12,C0385,P019,1,0.1,クレジットカード,2
O01449,2024-12-12,C0230,P038,1,0,電子マネー,2
O01450,2024-12-12,C0070,P036,1,0,コンビニ払い,2
O01451,2024-12-12,C0056,P038,1,0,クレジットカード,3
O01452,2024-12-12,C0090,P029,1,0,クレジットカード,2
O01453,2024-12-12,C0283,P036,1,0,クレジットカード,2
O01454,2024-12-12,C0287,P038,1,0.2,代金引換,3
O01455,2024-12-12,C0238,P009,1,0,クレジットカード,1
O01456,2024-12-13,C0273,P038,1,0,クレジットカード,2
O01457,2024-12-13,C0369,P009,1,0,クレジットカード,1
O01458,2024-12-13,C0089,P032,1,0,銀行振込,2
O01459,2024-12-13,C0221,P019,3,0,クレジットカード,2
O01460,2024-12-13,C0114,P004,1,0.1,コンビニ払い,2
O01461,2024-12-13,C0062,P038,1,0,クレジットカード,3
O01462,2024-12-14,C0073,P024,1,0.05,クレジットカード,3
O01463,2024-12-14,C0240,P004,1,0,電子マネー,1
O01464,2024-12-15,C0230,P038,1,0,コンビニ払い,2
O01465,2024-12-15,C0410,P019,1,0,電子マネー,1
O01466,2024-12-15,C0055,P004,1,0,クレジットカード,3
O01467,2024-12-15,C0267,P037,1,0,クレジットカード,2
O01468,2024-12-15,C0084,P038,2,0,クレジットカード,2
O01469,2024-12-15,C0273,P014,1,0,電子マネー,2
O01470,2024-12-15,C0160,P019,2,0,銀行振込,2
O01471,2024-12-16,C0420,P014,3,0.3,クレジットカード,1
O01472,2024-12-16,C0230,P025,1,0.05,銀行振込,1
O01473,2024-12-16,C0301,P019,1,0,クレジットカード,1
O01474,2024-12-16,C0033,P038,1,0.05,クレジットカード,2
O01475,2024-12-17,C0291,P013,2,0.05,クレジットカード,2
O01476,2024-12-17,C0394,P020,1,0.1,電子マネー,3
O01477,2024-12-17,C0189,P035,1,0,電子マネー,3
O01478,2024-12-17,C0273,P038,2,0,代金引換,4
O01479,2024-12-17,C0062,P036,2,0,クレジットカード,3
O01480,2024-12-17,C0387,P029,1,0,クレジットカード,1
O01481,2024-12-17,C0287,P029,1,0,クレジットカード,3
O01482,2024-12-17,C0276,P036,1,0,クレジットカード,4
O01483,2024-12-18,C0067,P006,1,0,クレジットカード,2
O01484,2024-12-18,C0221,P014,1,0,クレジットカード,1
O01485,2024-12-18,C0230,P029,1,0,クレジットカード,2
O01486,2024-12-18,C0132,P004,1,0,電子マネー,3
O01487,2024-12-18,C0327,P005,1,0,コンビニ払い,2
O01488,2024-12-18,C0255,P004,1,0,代金引換,2
O01489,2024-12-18,C0162,P033,1,0,コンビニ払い,2
O01490,2024-12-19,C0057,P008,3,0,コンビニ払い,2
O01491,2024-12-19,C0176,P008,3,0.2,電子マネー,1
O01492,2024-12-19,C0104,P029,1,0,電子マネー,2
O01493,2024-12-19,C0111,P019,1,0.1,電子マネー,3
O01494,2024-12-19,C0057,P019,1,0,銀行振込,3
O01495,2024-12-19,C0160,P001,1,0,銀行振込,3
O01496,2024-12-19,C0384,P013,2,0.3,クレジットカード,1
O01497,2024-12-20,C0210,P014,1,0,銀行振込,2
O01498,2024-12-20,C0122,P036,2,0,コンビニ払い,2
O01499,2024-12-20,C0147,P019,1,0,クレジットカード,4
O01500,2024-12-20,C0280,P038,1,0,電子マネー,3
O01501,2024-12-20,C0237,P014,1,0,銀行振込,5
O01502,2024-12-21,C0189,P017,3,0,電子マネー,3
O01503,2024-12-21,C0090,P033,1,0,クレジットカード,3
O01504,2024-12-21,C0334,P032,2,0,電子マネー,2
O01505,2024-12-21,C0238,P038,1,0,クレジットカード,2
O01506,2024-12-21,C0135,P019,1,0.1,銀行振込,2
O01507,2024-12-21,C0047,P030,1,0.1,クレジットカード,3
O01508,2024-12-21,C0123,P009,1,0,コンビニ払い,2
O01509,2024-12-21,C0055,P013,2,0,クレジットカード,2
O01510,2024-12-21,C0420,P038,1,0,代金引換,2
O01511,2024-12-21,C0209,P038,1,0.05,クレジットカード,3
O01512,2024-12-21,C0090,P035,1,0,銀行振込,4
O01513,2024-12-22,C0043,P038,1,0.1,コンビニ払い,4
O01514,2024-12-22,C0363,P014,1,0.05,電子マネー,1
O01515,2024-12-23,C0134,P019,2,0.1,クレジットカード,1
O01516,2024-12-23,C0230,P016,1,0,電子マネー,1
O01517,2024-12-23,C0394,P019,1,0,クレジットカード,3
O01518,2024-12-23,C0057,P025,2,0,電子マネー,3
O01519,2024-12-23,C0209,P014,1,0,クレジットカード,3
O01520,2024-12-23,C0123,P038,1,0,クレジットカード,2
O01521,2024-12-23,C0281,P014,2,0,代金引換,2
O01522,2024-12-24,C0238,P019,2,0,コンビニ払い,1
O01523,2024-12-24,C0214,P032,1,0.1,クレジットカード,4
O01524,2024-12-24,C0109,P014,2,0,クレジットカード,2
O01525,2024-12-24,C0384,P014,1,0,クレジットカード,1
O01526,2024-12-24,C0420,P038,1,0,クレジットカード,2
O01527,2024-12-25,C0381,P003,1,0,クレジットカード,3
O01528,2024-12-25,C0227,P040,1,0,コンビニ払い,2
O01529,2024-12-25,C0141,P026,2,0.2,クレジットカード,1
O01530,2024-12-25,C0057,P019,1,0,電子マネー,2
O01531,2024-12-25,C0135,P029,1,0,クレジットカード,1
O01532,2024-12-25,C0221,P032,1,0,クレジットカード,1
O01533,2024-12-26,C0369,P013,1,0,クレジットカード,2
O01534,2024-12-26,C0182,P014,2,0,銀行振込,3
O01535,2024-12-26,C0230,P014,1,0,クレジットカード,1
O01536,2024-12-26,C0026,P038,1,0.05,クレジットカード,1
O01537,2024-12-26,C0090,P019,1,0,クレジットカード,2
O01538,2024-12-26,C0293,P036,2,0,クレジットカード,1
O01539,2024-12-27,C0196,P029,1,0,クレジットカード,2
O01540,2024-12-27,C0047,P019,1,0,クレジットカード,3
O01541,2024-12-28,C0355,P022,1,0,電子マネー,2
O01542,2024-12-28,C0090,P029,1,0.2,銀行振込,2
O01543,2024-12-28,C0170,P019,1,0,コンビニ払い,5
O01544,2024-12-28,C0420,P027,2,0.05,クレジットカード,1
O01545,2024-12-29,C0315,P030,1,0,クレジットカード,2
O01546,2024-12-29,C0170,P033,1,0,電子マネー,3
O01547,2024-12-29,C0122,P014,1,0,クレジットカード,2
O01548,2024-12-29,C0109,P016,1,0,クレジットカード,3
O01549,2024-12-29,C0393,P029,1,0,銀行振込,2
O01550,2024-12-29,C0132,P031,1,0,クレジットカード,3
O01551,2024-12-30,C0393,P014,1,0,クレジットカード,2
O01552,2024-12-30,C0239,P019,1,0,代金引換,2
O01553,2024-12-30,C0170,P019,1,0,クレジットカード,3
O01554,2024-12-30,C0297,P038,1,0,クレジットカード,1
O01555,2024-12-31,C0300,P017,1,0,クレジットカード,1
O01556,2024-12-31,C0340,P011,1,0,クレジットカード,2
O01557,2024-12-31,C0134,P038,1,0,銀行振込,2
O01558,2024-12-31,C0192,P029,1,0,クレジットカード,2
O01559,2024-12-31,C0230,P038,1,0,電子マネー,1
O01560,2024-12-31,C0289,P033,1,0,クレジットカード,1
O01561,2024-12-31,C0129,P009,1,0.05,電子マネー,1
O01562,2024-12-31,C0384,P038,1,0,クレジットカード,1
O01563,2024-12-31,C0360,P015,3,0.3,銀行振込,1
O01564,2025-01-01,C0134,P019,1,0.2,クレジットカード,3
O01565,2025-01-02,C0008,P014,1,0,クレジットカード,3
O01566,2025-01-02,C0073,P019,1,0.1,クレジットカード,3
O01567,2025-01-02,C0191,P009,1,0.1,クレジットカード,3
O01568,2025-01-02,C0098,P019,2,0.2,クレジットカード,3
O01569,2025-01-02,C0090,P014,2,0,クレジットカード,2
O01570,2025-01-02,C0098,P019,3,0.2,クレジットカード,3
O01571,2025-01-03,C0344,P030,1,0.2,コンビニ払い,3
O01572,2025-01-03,C0321,P038,1,0.1,クレジットカード,3
O01573,2025-01-03,C0289,P038,1,0.1,クレジットカード,2
O01574,2025-01-03,C0362,P009,1,0.3,電子マネー,3
O01575,2025-01-03,C0296,P029,2,0.1,コンビニ払い,4
O01576,2025-01-05,C0330,P033,1,0,クレジットカード,2
O01577,2025-01-06,C0210,P038,2,0,コンビニ払い,3
O01578,2025-01-06,C0307,P038,1,0,電子マネー,2
O01579,2025-01-06,C0297,P019,2,0.2,電子マネー,2
O01580,2025-01-06,C0240,P038,1,0.3,コンビニ払い,2
O01581,2025-01-06,C0135,P029,1,0.05,クレジットカード,2
O01582,2025-01-07,C0137,P036,1,0,コンビニ払い,3
O01583,2025-01-07,C0283,P036,2,0,代金引換,2
O01584,2025-01-07,C0281,P040,1,0,クレジットカード,2
O01585,2025-01-07,C0141,P022,1,0,クレジットカード,1
O01586,2025-01-07,C0211,P029,1,0.1,電子マネー,1
O01587,2025-01-08,C0233,P029,2,0.1,クレジットカード,2
O01588,2025-01-08,C0111,P004,1,0.2,電子マネー,2
O01589,2025-01-08,C0073,P014,1,0,クレジットカード,3
O01590,2025-01-08,C0043,P019,2,0.3,銀行振込,4
O01591,2025-01-09,C0363,P025,1,0,クレジットカード,3
O01592,2025-01-09,C0170,P014,4,0.2,代金引換,4
O01593,2025-01-09,C0338,P029,1,0,クレジットカード,1
O01594,2025-01-09,C0233,P014,1,0,クレジットカード,4
O01595,2025-01-10,C0273,P012,1,0.05,クレジットカード,3
O01596,2025-01-10,C0004,P005,1,0.2,クレジットカード,2
O01597,2025-01-10,C0041,P009,1,0,電子マネー,1
O01598,2025-01-10,C0240,P029,2,0.05,代金引換,2
O01599,2025-01-10,C0237,P024,1,0.1,コンビニ払い,4
O01600,2025-01-10,C0297,P039,1,0.2,クレジットカード,1
O01601,2025-01-10,C0004,P021,1,0,クレジットカード,2
O01602,2025-01-10,C0315,P013,2,0.1,クレジットカード,1
O01603,2025-01-11,C0241,P021,1,0.1,電子マネー,1
O01604,2025-01-11,C0380,P013,2,0.1,電子マネー,3
O01605,2025-01-12,C0335,P009,1,0.05,クレジットカード,3
O01606,2025-01-12,C0351,P005,1,0.1,電子マネー,1
O01607,2025-01-12,C0267,P038,1,0.1,コンビニ払い,2
O01608,2025-01-12,C0098,P038,2,0.2,クレジットカード,3
O01609,2025-01-13,C0001,P019,1,0.2,電子マネー,4
O01610,2025-01-13,C0247,P038,1,0.2,代金引換,3
O01611,2025-01-13,C0285,P014,1,0,クレジットカード,2
O01612,2025-01-14,C0231,P025,2,0.1,クレジットカード,3
O01613,2025-01-14,C0016,P038,1,0,代金引換,4
O01614,2025-01-14,C0112,P019,1,0,クレジットカード,2
O01615,2025-01-14,C0248,P029,1,0.2,クレジットカード,3
O01616,2025-01-14,C0053,P038,1,0.1,クレジットカード,2
O01617,2025-01-15,C0376,P040,1,0.2,電子マネー,2
O01618,2025-01-15,C0221,P009,2,0.2,代金引換,2
O01619,2025-01-15,C0210,P029,1,0,銀行振込,2
O01620,2025-01-15,C0067,P036,1,0,クレジットカード,3
O01621,2025-01-15,C0047,P019,3,0.2,クレジットカード,3
O01622,2025-01-15,C0173,P038,1,0.2,クレジットカード,1
O01623,2025-01-16,C0410,P014,3,0.2,クレジットカード,2
O01624,2025-01-16,C0173,P033,1,0.2,コンビニ払い,1
O01625,2025-01-16,C0230,P034,1,0.3,電子マネー,1
O01626,2025-01-16,C0247,P038,2,0.3,クレジットカード,4
O01627,2025-01-16,C0016,P029,1,0,電子マネー,4
O01628,2025-01-16,C0344,P004,3,0.2,銀行振込,3
O01629,2025-01-16,C0289,P029,1,0.3,電子マネー,1
O01630,2025-01-17,C0073,P004,1,0.2,コンビニ払い,3
O01631,2025-01-17,C0170,P014,2,0.3,電子マネー,4
O01632,2025-01-17,C0004,P014,1,0.1,電子マネー,2
O01633,2025-01-17,C0362,P038,1,0.1,クレジットカード,3
O01634,2025-01-17,C0362,P038,1,0,クレジットカード,2
O01635,2025-01-18,C0030,P025,2,0.1,クレジットカード,2
O01636,2025-01-18,C0339,P014,1,0,銀行振込,3
O01637,2025-01-18,C0362,P038,1,0.1,クレジットカード,3
O01638,2025-01-18,C0420,P019,1,0.1,クレジットカード,1
O01639,2025-01-18,C0275,P019,2,0.1,クレジットカード,1
O01640,2025-01-18,C0253,P019,1,0.1,電子マネー,2
O01641,2025-01-19,C0159,P038,1,0.1,クレジットカード,1
O01642,2025-01-20,C0274,P038,1,0.2,電子マネー,1
O01643,2025-01-20,C0241,P019,2,0.1,クレジットカード,2
O01644,2025-01-20,C0057,P013,1,0,クレジットカード,3
O01645,2025-01-20,C0135,P004,1,0.1,代金引換,1
O01646,2025-01-20,C0134,P029,1,0.2,クレジットカード,1
O01647,2025-01-21,C0090,P035,1,0.3,電子マネー,2
O01648,2025-01-21,C0137,P023,1,0,クレジットカード,2
O01649,2025-01-21,C0090,P023,2,0.2,電子マネー,2
O01650,2025-01-21,C0053,P013,1,0.1,クレジットカード,2
O01651,2025-01-22,C0330,P017,1,0.2,クレジットカード,1
O01652,2025-01-22,C0141,P022,1,0.2,銀行振込,3
O01653,2025-01-22,C0273,P029,1,0.05,コンビニ払い,2
O01654,2025-01-22,C0418,P013,2,0.1,クレジットカード,3
O01655,2025-01-22,C0160,P029,2,0,代金引換,2
O01656,2025-01-22,C0274,P032,2,0.2,クレジットカード,2
O01657,2025-01-23,C0360,P023,1,0,クレジットカード,1
O01658,2025-01-23,C0249,P023,1,0,クレジットカード,1
O01659,2025-01-23,C0189,P019,1,0.3,銀行振込,4
O01660,2025-01-23,C0296,P038,1,0.2,コンビニ払い,4
O01661,2025-01-23,C0204,P032,1,0.2,コンビニ払い,3
O01662,2025-01-23,C0253,P020,1,0.05,電子マネー,2
O01663,2025-01-24,C0267,P039,1,0.3,クレジットカード,1
O01664,2025-01-24,C0189,P029,1,0,コンビニ払い,3
O01665,2025-01-24,C0134,P021,3,0.2,クレジットカード,1
O01666,2025-01-24,C0256,P029,1,0.2,電子マネー,1
O01667,2025-01-24,C0410,P018,1,0,電子マネー,1
O01668,2025-01-25,C0201,P019,2,0.2,電子マネー,4
O01669,2025-01-25,C0199,P002,1,0,クレジットカード,2
O01670,2025-01-25,C0043,P030,1,0,銀行振込,3
O01671,2025-01-25,C0351,P023,2,0.2,電子マネー,1
O01672,2025-01-25,C0221,P014,1,0.1,電子マネー,1
O01673,2025-01-25,C0047,P025,1,0.05,クレジットカード,2
O01674,2025-01-26,C0073,P022,2,0.1,代金引換,3
O01675,2025-01-26,C0055,P038,1,0.2,クレジットカード,2
O01676,2025-01-26,C0184,P038,1,0,電子マネー,1
O01677,2025-01-26,C0092,P019,2,0.2,銀行振込,2
O01678,2025-01-26,C0275,P002,2,0.1,電子マネー,1
O01679,2025-01-26,C0090,P029,1,0.1,クレジットカード,4
O01680,2025-01-26,C0249,P029,2,0.1,クレジットカード,1
O01681,2025-01-27,C0221,P019,1,0,クレジットカード,1
O01682,2025-01-27,C0090,P002,3,0.3,コンビニ払い,2
O01683,2025-01-28,C0043,P019,2,0,コンビニ払い,3
O01684,2025-01-28,C0420,P040,1,0.2,クレジットカード,1
O01685,2025-01-28,C0321,P038,1,0.2,代金引換,4
O01686,2025-01-29,C0330,P038,1,0.1,銀行振込,2
O01687,2025-01-29,C0112,P038,1,0.05,クレジットカード,2
O01688,2025-01-29,C0385,P038,1,0,コンビニ払い,1
O01689,2025-01-29,C0092,P019,1,0.2,電子マネー,2
O01690,2025-01-29,C0263,P038,1,0,クレジットカード,1
O01691,2025-01-30,C0209,P038,1,0.2,代金引換,4
O01692,2025-01-30,C0362,P029,2,0.1,クレジットカード,3
O01693,2025-01-30,C0209,P029,2,0.1,クレジットカード,3
O01694,2025-01-30,C0090,P014,2,0.3,クレジットカード,3
O01695,2025-01-31,C0092,P032,2,0,コンビニ払い,3
O01696,2025-01-31,C0230,P019,1,0.3,電子マネー,2
O01697,2025-01-31,C0351,P033,1,0,コンビニ払い,2
O01698,2025-01-31,C0297,P038,1,0.1,コンビニ払い,2
O01699,2025-02-01,C0393,P019,1,0,クレジットカード,2
O01700,2025-02-01,C0143,P004,2,0.2,コンビニ払い,1
O01701,2025-02-01,C0340,P013,1,0,銀行振込,2
O01702,2025-02-02,C0227,P035,1,0.05,電子マネー,2
O01703,2025-02-02,C0221,P033,1,0,電子マネー,1
O01704,2025-02-02,C0209,P011,1,0,クレジットカード,3
O01705,2025-02-02,C0360,P029,1,0,コンビニ払い,2
O01706,2025-02-02,C0230,P014,2,0.05,電子マネー,1
O01707,2025-02-03,C0230,P014,4,0.05,クレジットカード,1
O01708,2025-02-03,C0335,P014,1,0.05,電子マネー,4
O01709,2025-02-03,C0201,P008,1,0,クレジットカード,3
O01710,2025-02-03,C0208,P038,1,0,クレジットカード,2
O01711,2025-02-03,C0015,P021,1,0,電子マネー,3
O01712,2025-02-04,C0369,P010,1,0,銀行振込,1
O01713,2025-02-05,C0381,P013,1,0.05,クレジットカード,3
O01714,2025-02-05,C0245,P038,1,0.2,代金引換,2
O01715,2025-02-05,C0385,P034,1,0,クレジットカード,3
O01716,2025-02-05,C0353,P019,1,0,クレジットカード,3
O01717,2025-02-06,C0084,P038,1,0,クレジットカード,3
O01718,2025-02-06,C0090,P032,1,0,電子マネー,2
O01719,2025-02-06,C0160,P014,2,0,銀行振込,3
O01720,2025-02-07,C0381,P038,1,0.1,クレジットカード,3
O01721,2025-02-07,C0111,P026,1,0,電子マネー,3
O01722,2025-02-07,C0122,P029,1,0,クレジットカード,4
O01723,2025-02-07,C0238,P038,1,0,コンビニ払い,2
O01724,2025-02-08,C0285,P006,1,0,代金引換,2
O01725,2025-02-08,C0126,P027,1,0,クレジットカード,3
O01726,2025-02-08,C0043,P009,1,0,クレジットカード,4
O01727,2025-02-08,C0015,P030,2,0,電子マネー,3
O01728,2025-02-08,C0307,P030,1,0,クレジットカード,3
O01729,2025-02-09,C0090,P009,1,0,クレジットカード,2
O01730,2025-02-09,C0369,P019,1,0,クレジットカード,1
O01731,2025-02-09,C0277,P019,1,0,電子マネー,1
O01732,2025-02-09,C0162,P038,1,0,電子マネー,2
O01733,2025-02-09,C0180,P038,1,0.05,クレジットカード,1
O01734,2025-02-10,C0074,P019,2,0,電子マネー,3
O01735,2025-02-10,C0134,P038,1,0,クレジットカード,1
O01736,2025-02-11,C0036,P033,1,0,クレジットカード,2
O01737,2025-02-11,C0015,P035,1,0,クレジットカード,2
O01738,2025-02-11,C0255,P016,1,0.05,銀行振込,2
O01739,2025-02-11,C0053,P014,2,0.05,クレジットカード,3
O01740,2025-02-12,C0330,P014,1,0,クレジットカード,1
O01741,2025-02-12,C0299,P004,1,0,コンビニ払い,2
O01742,2025-02-12,C0052,P030,1,0,クレジットカード,3
O01743,2025-02-12,C0053,P030,1,0.1,クレジットカード,3
O01744,2025-02-13,C0129,P013,1,0,コンビニ払い,2
O01745,2025-02-13,C0241,P014,2,0,クレジットカード,2
O01746,2025-02-14,C0090,P038,1,0,クレジットカード,3
O01747,2025-02-14,C0277,P019,2,0,電子マネー,1
O01748,2025-02-14,C0016,P014,1,0,クレジットカード,3
O01749,2025-02-15,C0393,P019,1,0,クレジットカード,2
O01750,2025-02-15,C0257,P022,1,0,銀行振込,2
O01751,2025-02-15,C0052,P009,1,0,クレジットカード,2
O01752,2025-02-15,C0245,P036,1,0,電子マネー,2
O01753,2025-02-15,C0084,P019,2,0,電子マネー,2
O01754,2025-02-15,C0243,P011,2,0.1,電子マネー,4
O01755,2025-02-15,C0394,P014,1,0,クレジットカード,4
O01756,2025-02-15,C0053,P038,1,0,電子マネー,2
O01757,2025-02-15,C0339,P011,1,0.1,クレジットカード,4
O01758,2025-02-16,C0209,P014,2,0,コンビニ払い,3
O01759,2025-02-16,C0025,P038,1,0,クレジットカード,2
O01760,2025-02-16,C0230,P038,1,0,銀行振込,1
O01761,2025-02-16,C0238,P030,1,0,クレジットカード,2
O01762,2025-02-16,C0281,P019,1,0,クレジットカード,4
O01763,2025-02-16,C0321,P038,1,0,電子マネー,4
O01764,2025-02-16,C0201,P034,1,0,電子マネー,3
O01765,2025-02-16,C0297,P040,1,0,クレジットカード,1
O01766,2025-02-16,C0387,P019,1,0,クレジットカード,1
O01767,2025-02-16,C0376,P038,1,0.05,電子マネー,3
O01768,2025-02-17,C0189,P022,1,0,クレジットカード,4
O01769,2025-02-17,C0015,P035,1,0,コンビニ払い,3
O01770,2025-02-17,C0340,P014,1,0.2,電子マネー,1
O01771,2025-02-17,C0090,P032,1,0,電子マネー,2
O01772,2025-02-17,C0232,P019,2,0,クレジットカード,1
O01773,2025-02-18,C0384,P023,2,0,クレジットカード,1
O01774,2025-02-18,C0135,P038,1,0,銀行振込,1
O01775,2025-02-18,C0074,P025,1,0,電子マネー,3
O01776,2025-02-19,C0410,P038,1,0,クレジットカード,1
O01777,2025-02-19,C0399,P014,1,0.05,クレジットカード,1
O01778,2025-02-20,C0026,P009,1,0,電子マネー,1
O01779,2025-02-20,C0310,P006,1,0.05,クレジットカード,3
O01780,2025-02-20,C0340,P029,1,0.05,クレジットカード,1
O01781,2025-02-20,C0211,P004,2,0.3,クレジットカード,1
O01782,2025-02-21,C0276,P004,1,0.05,銀行振込,4
O01783,2025-02-21,C0111,P002,1,0.05,クレジットカード,2
O01784,2025-02-21,C0263,P013,1,0,クレジットカード,2
O01785,2025-02-21,C0127,P020,1,0,銀行振込,5
O01786,2025-02-22,C0090,P011,1,0,クレジットカード,3
O01787,2025-02-22,C0369,P025,1,0,クレジットカード,1
O01788,2025-02-22,C0249,P034,1,0,クレジットカード,1
O01789,2025-02-22,C0360,P019,2,0,電子マネー,1
O01790,2025-02-23,C0053,P013,1,0,電子マネー,2
O01791,2025-02-23,C0353,P002,2,0,クレジットカード,4
O01792,2025-02-23,C0365,P038,1,0,電子マネー,2
O01793,2025-02-24,C0342,P038,1,0,電子マネー,2
O01794,2025-02-24,C0255,P008,1,0,電子マネー,3
O01795,2025-02-24,C0385,P040,1,0,銀行振込,1
O01796,2025-02-26,C0338,P038,1,0,代金引換,1
O01797,2025-02-27,C0369,P029,1,0,電子マネー,3
O01798,2025-02-27,C0041,P038,1,0.1,クレジットカード,1
O01799,2025-02-27,C0205,P019,2,0,銀行振込,4
O01800,2025-02-27,C0077,P010,1,0,クレジットカード,3
O01801,2025-02-27,C0134,P038,1,0,クレジットカード,1
O01802,2025-02-27,C0090,P006,1,0,銀行振込,3
O01803,2025-02-28,C0004,P038,1,0,電子マネー,1
O01804,2025-02-28,C0232,P014,1,0,電子マネー,1
O01805,2025-02-28,C0315,P004,1,0,クレジットカード,3
O01806,2025-02-28,C0249,P019,1,0,クレジットカード,2
O01807,2025-02-28,C0047,P009,2,0,コンビニ払い,2
O01808,2025-02-28,C0045,P006,1,0,クレジットカード,2
O01809,2025-02-28,C0073,P039,2,0,コンビニ払い,4
O01810,2025-03-01,C0338,P014,1,0,クレジットカード,1
O01811,2025-03-01,C0245,P019,4,0.2,銀行振込,3
O01812,2025-03-01,C0201,P033,1,0,電子マネー,3
O01813,2025-03-01,C0247,P033,1,0,クレジットカード,5
O01814,2025-03-01,C0276,P038,2,0,代金引換,4
O01815,2025-03-01,C0365,P019,1,0,クレジットカード,3
O01816,2025-03-01,C0053,P014,1,0,クレジットカード,2
O01817,2025-03-01,C0134,P032,1,0.1,クレジットカード,1
O01818,2025-03-01,C0232,P019,1,0,クレジットカード,2
O01819,2025-03-01,C0353,P019,2,0,銀行振込,3
O01820,2025-03-02,C0053,P013,1,0,コンビニ払い,3
O01821,2025-03-02,C0090,P004,1,0,クレジットカード,2
O01822,2025-03-03,C0084,P019,1,0,クレジットカード,4
O01823,2025-03-03,C0410,P005,1,0.3,クレジットカード,1
O01824,2025-03-03,C0160,P016,1,0.3,クレジットカード,3
O01825,2025-03-03,C0111,P029,1,0,コンビニ払い,2
O01826,2025-03-04,C0352,P029,2,0.2,電子マネー,2
O01827,2025-03-04,C0384,P019,2,0.1,電子マネー,1
O01828,2025-03-04,C0287,P005,1,0,クレジットカード,3
O01829,2025-03-04,C0294,P029,1,0,クレジットカード,3
O01830,2025-03-04,C0205,P013,1,0,電子マネー,3
O01831,2025-03-04,C0365,P038,2,0,クレジットカード,2
O01832,2025-03-05,C0351,P006,1,0.1,電子マネー,1
O01833,2025-03-05,C0387,P038,1,0,クレジットカード,2
O01834,2025-03-05,C0353,P032,1,0,クレジットカード,4
O01835,2025-03-05,C0170,P030,1,0,銀行振込,3
O01836,2025-03-05,C0081,P019,1,0,クレジットカード,3
O01837,2025-03-05,C0053,P022,1,0,電子マネー,2
O01838,2025-03-05,C0294,P030,1,0,代金引換,2
O01839,2025-03-05,C0047,P014,1,0,電子マネー,2
O01840,2025-03-06,C0362,P038,1,0,コンビニ払い,2
O01841,2025-03-06,C0369,P005,1,0,コンビニ払い,2
O01842,2025-03-06,C0333,P038,1,0,クレジットカード,2
O01843,2025-03-06,C0147,P038,1,0.2,銀行振込,4
O01844,2025-03-07,C0351,P014,1,0,電子マネー,2
O01845,2025-03-07,C0248,P019,1,0,電子マネー,2
O01846,2025-03-07,C0015,P014,1,0,電子マネー,2
O01847,2025-03-07,C0129,P030,1,0,銀行振込,1
O01848,2025-03-07,C0307,P014,1,0.05,コンビニ払い,2
O01849,2025-03-07,C0053,P029,1,0,クレジットカード,2
O01850,2025-03-08,C0240,P010,2,0,クレジットカード,1
O01851,2025-03-08,C0174,P014,1,0,電子マネー,1
O01852,2025-03-08,C0273,P025,1,0,クレジットカード,2
O01853,2025-03-08,C0381,P019,2,0,クレジットカード,4
O01854,2025-03-08,C0285,P014,1,0,電子マネー,2
O01855,2025-03-08,C0180,P004,2,0.2,クレジットカード,1
O01856,2025-03-09,C0365,P035,1,0,コンビニ払い,2
O01857,2025-03-09,C0339,P032,1,0,クレジットカード,3
O01858,2025-03-10,C0317,P004,2,0,クレジットカード,2
O01859,2025-03-10,C0394,P010,1,0.05,クレジットカード,5
O01860,2025-03-11,C0384,P019,1,0,クレジットカード,2
O01861,2025-03-11,C0353,P013,2,0,電子マネー,4
O01862,2025-03-11,C0245,P013,1,0,クレジットカード,2
O01863,2025-03-11,C0160,P021,2,0,コンビニ払い,2
O01864,2025-03-11,C0276,P005,1,0.1,クレジットカード,3
O01865,2025-03-12,C0053,P038,1,0,銀行振込,3
O01866,2025-03-12,C0024,P019,1,0.05,クレジットカード,1
O01867,2025-03-12,C0338,P029,2,0,クレジットカード,2
O01868,2025-03-13,C0238,P007,1,0,電子マネー,1
O01869,2025-03-13,C0338,P038,1,0,銀行振込,2
O01870,2025-03-14,C0007,P013,1,0,代金引換,3
O01871,2025-03-14,C0141,P033,2,0.05,クレジットカード,1
O01872,2025-03-14,C0057,P006,1,0,クレジットカード,2
O01873,2025-03-15,C0173,P029,1,0,電子マネー,2
O01874,2025-03-15,C0335,P004,1,0,クレジットカード,3
O01875,2025-03-15,C0127,P008,1,0,電子マネー,3
O01876,2025-03-15,C0362,P006,1,0,電子マネー,2
O01877,2025-03-16,C0074,P004,2,0.3,クレジットカード,2
O01878,2025-03-16,C0036,P014,1,0.1,電子マネー,3
O01879,2025-03-16,C0299,P038,1,0,クレジットカード,4
O01880,2025-03-16,C0167,P005,2,0,クレジットカード,1
O01881,2025-03-16,C0060,P034,1,0,クレジットカード,2
O01882,2025-03-17,C0365,P038,1,0.2,クレジットカード,3
O01883,2025-03-17,C0073,P033,1,0,代金引換,3
O01884,2025-03-17,C0073,P015,1,0,クレジットカード,4
O01885,2025-03-17,C0249,P019,1,0,コンビニ払い,1
O01886,2025-03-17,C0109,P002,1,0,代金引換,3
O01887,2025-03-18,C0325,P004,1,0.1,クレジットカード,2
O01888,2025-03-19,C0248,P004,3,0.05,クレジットカード,2
O01889,2025-03-19,C0254,P023,1,0,クレジットカード,1
O01890,2025-03-19,C0384,P014,1,0,クレジットカード,1
O01891,2025-03-19,C0221,P038,1,0,コンビニ払い,1
O01892,2025-03-19,C0263,P029,1,0.1,代金引換,2
O01893,2025-03-20,C0238,P004,1,0.1,クレジットカード,2
O01894,2025-03-20,C0334,P019,1,0,クレジットカード,2
O01895,2025-03-20,C0275,P029,2,0,クレジットカード,1
O01896,2025-03-20,C0174,P008,1,0,クレジットカード,1
O01897,2025-03-21,C0300,P038,1,0,コンビニ払い,1
O01898,2025-03-22,C0196,P019,2,0.1,電子マネー,3
O01899,2025-03-22,C0143,P004,2,0,コンビニ払い,1
O01900,2025-03-22,C0285,P014,1,0,電子マネー,3
O01901,2025-03-22,C0385,P020,1,0,クレジットカード,1
O01902,2025-03-22,C0258,P018,2,0,クレジットカード,1
O01903,2025-03-22,C0170,P005,1,0,コンビニ払い,4
O01904,2025-03-23,C0323,P027,1,0,銀行振込,4
O01905,2025-03-23,C0365,P023,1,0,コンビニ払い,3
O01906,2025-03-23,C0210,P029,1,0,コンビニ払い,2
O01907,2025-03-23,C0057,P029,1,0.05,代金引換,2
O01908,2025-03-23,C0307,P038,1,0,代金引換,2
O01909,2025-03-23,C0090,P006,1,0,クレジットカード,2
O01910,2025-03-24,C0001,P003,1,0,クレジットカード,4
O01911,2025-03-24,C0267,P038,1,0,電子マネー,1
O01912,2025-03-24,C0004,P009,1,0,代金引換,2
O01913,2025-03-24,C0025,P009,2,0,クレジットカード,1
O01914,2025-03-24,C0051,P029,1,0,クレジットカード,1
O01915,2025-03-24,C0275,P014,1,0,コンビニ払い,1
O01916,2025-03-25,C0162,P038,1,0,クレジットカード,3
O01917,2025-03-25,C0344,P038,1,0,銀行振込,3
O01918,2025-03-26,C0291,P006,1,0,クレジットカード,1
O01919,2025-03-26,C0394,P013,1,0,代金引換,3
O01920,2025-03-26,C0233,P013,1,0,代金引換,2
O01921,2025-03-26,C0170,P032,1,0,銀行振込,3
O01922,2025-03-26,C0387,P028,1,0,電子マネー,1
O01923,2025-03-26,C0365,P014,1,0,クレジットカード,3
O01924,2025-03-26,C0057,P038,1,0.1,クレジットカード,2
O01925,2025-03-26,C0090,P014,1,0.1,代金引換,3
O01926,2025-03-27,C0230,P023,1,0,クレジットカード,1
O01927,2025-03-27,C0245,P029,1,0,銀行振込,2
O01928,2025-03-27,C0300,P038,1,0,クレジットカード,2
O01929,2025-03-27,C0090,P026,1,0,電子マネー,3
O01930,2025-03-27,C0084,P014,1,0,クレジットカード,2
O01931,2025-03-28,C0173,P024,1,0,クレジットカード,2
O01932,2025-03-28,C0287,P013,1,0,クレジットカード,2
O01933,2025-03-28,C0353,P033,1,0,クレジットカード,3
O01934,2025-03-28,C0092,P029,1,0,電子マネー,4
O01935,2025-03-29,C0209,P038,1,0,電子マネー,4
O01936,2025-03-29,C0355,P039,2,0,クレジットカード,3
O01937,2025-03-29,C0399,P014,1,0.2,電子マネー,1
O01938,2025-03-30,C0263,P027,1,0,クレジットカード,1
O01939,2025-03-30,C0362,P029,1,0.2,クレジットカード,2
O01940,2025-03-30,C0122,P011,1,0,銀行振込,3
O01941,2025-03-30,C0125,P005,1,0,電子マネー,2
O01942,2025-03-30,C0112,P038,1,0,クレジットカード,1
O01943,2025-03-30,C0338,P032,1,0,コンビニ払い,1
O01944,2025-03-31,C0053,P013,1,0,クレジットカード,2
O01945,2025-03-31,C0023,P033,1,0.05,代金引換,4
O01946,2025-03-31,C0019,P033,1,0.3,クレジットカード,1
O01947,2025-03-31,C0247,P009,2,0,銀行振込,4
O01948,2025-04-01,C0249,P038,1,0.05,クレジットカード,1
O01949,2025-04-01,C0296,P014,1,0,クレジットカード,3
O01950,2025-04-01,C0127,P028,1,0,コンビニ払い,3
O01951,2025-04-01,C0144,P033,1,0,代金引換,1
O01952,2025-04-01,C0365,P019,2,0.2,コンビニ払い,2
O01953,2025-04-01,C0332,P033,1,0,コンビニ払い,2
O01954,2025-04-02,C0038,P020,3,0,クレジットカード,1
O01955,2025-04-03,C0383,P029,1,0,クレジットカード,2
O01956,2025-04-03,C0317,P038,1,0,電子マネー,2
O01957,2025-04-03,C0420,P014,1,0.1,クレジットカード,2
O01958,2025-04-03,C0247,P006,1,0,銀行振込,3
O01959,2025-04-03,C0173,P004,1,0,クレジットカード,1
O01960,2025-04-03,C0240,P029,1,0,クレジットカード,1
O01961,2025-04-04,C0247,P018,1,0,クレジットカード,3
O01962,2025-04-04,C0268,P038,1,0,コンビニ払い,2
O01963,2025-04-05,C0385,P014,1,0,コンビニ払い,1
O01964,2025-04-05,C0253,P014,2,0.1,銀行振込,1
O01965,2025-04-06,C0263,P019,2,0,銀行振込,1
O01966,2025-04-06,C0023,P021,1,0,電子マネー,2
O01967,2025-04-06,C0365,P014,1,0.05,銀行振込,3
O01968,2025-04-06,C0275,P040,1,0,クレジットカード,1
O01969,2025-04-07,C0015,P030,1,0,クレジットカード,2
O01970,2025-04-07,C0381,P004,1,0,代金引換,4
O01971,2025-04-07,C0258,P029,1,0,コンビニ払い,1
O01972,2025-04-07,C0277,P020,2,0.1,クレジットカード,2
O01973,2025-04-08,C0376,P019,1,0,クレジットカード,3
O01974,2025-04-09,C0315,P019,1,0,コンビニ払い,1
O01975,2025-04-09,C0033,P038,1,0,電子マネー,2
O01976,2025-04-10,C0053,P006,1,0,銀行振込,3
O01977,2025-04-10,C0298,P019,1,0,銀行振込,5
O01978,2025-04-11,C0381,P004,1,0,電子マネー,5
O01979,2025-04-11,C0283,P008,1,0,電子マネー,3
O01980,2025-04-11,C0129,P033,1,0.2,電子マネー,1
O01981,2025-04-11,C0230,P029,2,0,クレジットカード,2
O01982,2025-04-12,C0160,P032,2,0.1,クレジットカード,3
O01983,2025-04-12,C0231,P038,1,0,クレジットカード,2
O01984,2025-04-12,C0183,P030,1,0,電子マネー,1
O01985,2025-04-13,C0230,P032,2,0.1,電子マネー,2
O01986,2025-04-13,C0141,P014,1,0,電子マネー,2
O01987,2025-04-13,C0213,P019,1,0,クレジットカード,4
O01988,2025-04-13,C0135,P029,1,0,クレジットカード,1
O01989,2025-04-14,C0123,P021,1,0,クレジットカード,2
O01990,2025-04-14,C0294,P028,1,0,電子マネー,3
O01991,2025-04-14,C0123,P038,1,0,電子マネー,3
O01992,2025-04-14,C0221,P033,2,0.05,銀行振込,1
O01993,2025-04-14,C0001,P030,1,0,クレジットカード,3
O01994,2025-04-14,C0365,P038,1,0,電子マネー,3
O01995,2025-04-15,C0324,P006,1,0,コンビニ払い,2
O01996,2025-04-15,C0395,P037,1,0,クレジットカード,2
O01997,2025-04-15,C0160,P033,1,0,クレジットカード,3
O01998,2025-04-15,C0222,P034,2,0,クレジットカード,2
O01999,2025-04-16,C0274,P011,1,0.1,クレジットカード,2
O02000,2025-04-16,C0332,P038,1,0,代金引換,3
O02001,2025-04-17,C0074,P014,1,0,電子マネー,2
O02002,2025-04-17,C0342,P019,1,0,クレジットカード,1
O02003,2025-04-17,C0253,P009,1,0,クレジットカード,1
O02004,2025-04-17,C0230,P029,1,0,クレジットカード,2
O02005,2025-04-17,C0300,P019,2,0.3,コンビニ払い,1
O02006,2025-04-17,C0134,P026,1,0,クレジットカード,1
O02007,2025-04-18,C0302,P038,1,0,電子マネー,4
O02008,2025-04-18,C0053,P004,1,0,コンビニ払い,3
O02009,2025-04-19,C0201,P019,4,0.2,クレジットカード,3
O02010,2025-04-19,C0109,P036,1,0,クレジットカード,2
O02011,2025-04-19,C0405,P038,1,0,銀行振込,2
O02012,2025-04-20,C0395,P038,1,0,クレジットカード,1
O02013,2025-04-20,C0248,P010,1,0,銀行振込,2
O02014,2025-04-20,C0128,P025,1,0,コンビニ払い,3
O02015,2025-04-22,C0297,P014,1,0.05,コンビニ払い,1
O02016,2025-04-22,C0247,P004,1,0,電子マネー,3
O02017,2025-04-22,C0209,P038,1,0,クレジットカード,4
O02018,2025-04-22,C0256,P013,2,0,クレジットカード,1
O02019,2025-04-23,C0112,P014,2,0,クレジットカード,1
O02020,2025-04-23,C0085,P038,1,0,銀行振込,3
O02021,2025-04-23,C0160,P005,1,0,電子マネー,2
O02022,2025-04-23,C0330,P019,1,0,電子マネー,1
O02023,2025-04-23,C0033,P014,1,0,コンビニ払い,2
O02024,2025-04-24,C0381,P020,2,0.3,クレジットカード,3
O02025,2025-04-24,C0353,P029,1,0,クレジットカード,3
O02026,2025-04-24,C0170,P032,1,0,クレジットカード,3
O02027,2025-04-24,C0070,P022,1,0,クレジットカード,2
O02028,2025-04-25,C0326,P028,1,0,クレジットカード,1
O02029,2025-04-26,C0365,P033,1,0,コンビニ払い,3
O02030,2025-04-26,C0381,P038,1,0,クレジットカード,4
O02031,2025-04-26,C0307,P014,1,0,コンビニ払い,2
O02032,2025-04-27,C0294,P014,1,0,代金引換,2
O02033,2025-04-27,C0196,P019,1,0,銀行振込,2
O02034,2025-04-27,C0049,P019,1,0,コンビニ払い,3
O02035,2025-04-27,C0189,P016,1,0,クレジットカード,3
O02036,2025-04-28,C0123,P038,1,0.3,電子マネー,3
O02037,2025-04-28,C0180,P030,1,0.1,コンビニ払い,1
O02038,2025-04-28,C0353,P038,1,0.05,クレジットカード,3
O02039,2025-04-28,C0225,P038,1,0,電子マネー,1
O02040,2025-04-28,C0127,P038,1,0,代金引換,3
O02041,2025-04-28,C0189,P019,1,0,クレジットカード,4
O02042,2025-04-29,C0238,P020,1,0,電子マネー,1
O02043,2025-04-30,C0113,P029,2,0,銀行振込,1
O02044,2025-04-30,C0272,P014,1,0,コンビニ払い,3
O02045,2025-04-30,C0037,P005,1,0,銀行振込,1
O02046,2025-04-30,C0353,P007,1,0,クレジットカード,3
O02047,2025-04-30,C0291,P009,1,0,代金引換,2
O02048,2025-05-01,C0178,P020,1,0,クレジットカード,1
O02049,2025-05-01,C0053,P005,2,0.1,電子マネー,3
O02050,2025-05-02,C0174,P029,2,0,クレジットカード,1
O02051,2025-05-02,C0351,P003,1,0,クレジットカード,2
O02052,2025-05-02,C0310,P032,2,0.1,代金引換,3
O02053,2025-05-02,C0410,P005,1,0,電子マネー,1
O02054,2025-05-03,C0353,P029,2,0.05,クレジットカード,3
O02055,2025-05-03,C0275,P019,1,0,電子マネー,1
O02056,2025-05-03,C0098,P013,1,0,コンビニ払い,3
O02057,2025-05-03,C0413,P038,1,0,クレジットカード,2
O02058,2025-05-04,C0015,P038,1,0.1,電子マネー,2
O02059,2025-05-04,C0052,P019,1,0.1,電子マネー,2
O02060,2025-05-05,C0090,P038,1,0,電子マネー,2
O02061,2025-05-05,C0271,P004,1,0,クレジットカード,4
O02062,2025-05-06,C0325,P029,1,0.05,クレジットカード,3
O02063,2025-05-06,C0330,P008,1,0,クレジットカード,2
O02064,2025-05-06,C0238,P031,1,0,クレジットカード,1
O02065,2025-05-06,C0413,P019,1,0,コンビニ払い,2
O02066,2025-05-07,C0018,P040,1,0,コンビニ払い,2
O02067,2025-05-07,C0274,P004,2,0.05,電子マネー,1
O02068,2025-05-08,C0406,P035,1,0,銀行振込,1
O02069,2025-05-08,C0130,P030,1,0.05,電子マネー,2
O02070,2025-05-09,C0360,P019,2,0,電子マネー,1
O02071,2025-05-09,C0260,P013,1,0,クレジットカード,1
O02072,2025-05-09,C0399,P020,1,0,電子マネー,2
O02073,2025-05-09,C0174,P019,1,0,クレジットカード,1
O02074,2025-05-10,C0394,P013,1,0,電子マネー,4
O02075,2025-05-10,C0053,P005,1,0.1,コンビニ払い,2
O02076,2025-05-10,C0239,P019,3,0.3,コンビニ払い,1
O02077,2025-05-11,C0316,P029,5,0.2,クレジットカード,3
O02078,2025-05-11,C0338,P038,1,0,銀行振込,2
O02079,2025-05-11,C0104,P009,1,0,電子マネー,2
O02080,2025-05-11,C0144,P032,1,0,クレジットカード,1
O02081,2025-05-11,C0384,P021,1,0,代金引換,2
O02082,2025-05-12,C0053,P037,1,0,クレジットカード,2
O02083,2025-05-12,C0248,P038,1,0.05,コンビニ払い,2
O02084,2025-05-12,C0053,P029,1,0,クレジットカード,2
O02085,2025-05-12,C0323,P014,1,0,電子マネー,3
O02086,2025-05-13,C0278,P019,1,0,クレジットカード,2
O02087,2025-05-13,C0248,P038,1,0,銀行振込,3
O02088,2025-05-13,C0238,P038,1,0,クレジットカード,1
O02089,2025-05-13,C0152,P008,1,0,クレジットカード,3
O02090,2025-05-13,C0344,P038,1,0,クレジットカード,3
O02091,2025-05-13,C0173,P014,1,0,コンビニ払い,2
O02092,2025-05-13,C0351,P038,1,0,クレジットカード,1
O02093,2025-05-14,C0176,P020,4,0,クレジットカード,1
O02094,2025-05-14,C0232,P014,1,0,電子マネー,3
O02095,2025-05-14,C0381,P020,1,0,電子マネー,3
O02096,2025-05-14,C0332,P004,1,0,クレジットカード,2
O02097,2025-05-14,C0143,P014,2,0.05,銀行振込,2
O02098,2025-05-15,C0011,P021,1,0,コンビニ払い,2
O02099,2025-05-15,C0036,P020,1,0,代金引換,2
O02100,2025-05-15,C0129,P019,1,0,クレジットカード,1
O02101,2025-05-15,C0315,P014,1,0,クレジットカード,1
O02102,2025-05-15,C0396,P038,1,0,クレジットカード,2
O02103,2025-05-15,C0186,P005,2,0.3,銀行振込,4
O02104,2025-05-16,C0068,P032,1,0.05,クレジットカード,1
O02105,2025-05-17,C0267,P029,2,0,クレジットカード,2
O02106,2025-05-17,C0275,P021,1,0,電子マネー,1
O02107,2025-05-17,C0008,P023,1,0,クレジットカード,3
O02108,2025-05-18,C0271,P019,1,0,コンビニ払い,3
O02109,2025-05-18,C0213,P019,1,0.3,クレジットカード,3
O02110,2025-05-18,C0389,P014,1,0,電子マネー,2
O02111,2025-05-18,C0122,P014,1,0,クレジットカード,2
O02112,2025-05-19,C0245,P029,2,0,電子マネー,3
O02113,2025-05-19,C0352,P036,1,0,銀行振込,3
O02114,2025-05-19,C0245,P019,1,0,クレジットカード,2
O02115,2025-05-19,C0152,P019,1,0,銀行振込,2
O02116,2025-05-19,C0233,P038,2,0.3,クレジットカード,2
O02117,2025-05-19,C0053,P019,1,0,クレジットカード,2
O02118,2025-05-19,C0306,P009,1,0.05,クレジットカード,1
O02119,2025-05-20,C0287,P038,1,0.05,クレジットカード,3
O02120,2025-05-20,C0281,P029,1,0,電子マネー,2
O02121,2025-05-20,C0238,P019,2,0,電子マネー,1
O02122,2025-05-20,C0394,P019,1,0,クレジットカード,3
O02123,2025-05-21,C0015,P038,1,0,クレジットカード,3
O02124,2025-05-21,C0248,P009,1,0,コンビニ払い,2
O02125,2025-05-21,C0276,P019,2,0,銀行振込,4
O02126,2025-05-21,C0134,P019,1,0,コンビニ払い,2
O02127,2025-05-21,C0248,P014,2,0,代金引換,2
O02128,2025-05-21,C0263,P014,1,0,コンビニ払い,2
O02129,2025-05-22,C0310,P011,1,0,代金引換,2
O02130,2025-05-22,C0121,P029,2,0.1,電子マネー,1
O02131,2025-05-23,C0274,P036,1,0,コンビニ払い,1
O02132,2025-05-23,C0301,P038,1,0,銀行振込,1
O02133,2025-05-23,C0129,P029,1,0.2,電子マネー,2
O02134,2025-05-24,C0285,P003,1,0,クレジットカード,4
O02135,2025-05-24,C0300,P029,1,0,電子マネー,1
O02136,2025-05-24,C0258,P038,1,0,電子マネー,1
O02137,2025-05-24,C0340,P021,2,0.1,クレジットカード,1
O02138,2025-05-25,C0210,P033,2,0,電子マネー,4
O02139,2025-05-25,C0332,P029,3,0.2,電子マネー,2
O02140,2025-05-25,C0075,P029,1,0,クレジットカード,2
O02141,2025-05-25,C0196,P007,1,0,クレジットカード,2
O02142,2025-05-25,C0360,P038,1,0.1,銀行振込,3
O02143,2025-05-25,C0021,P025,1,0,コンビニ払い,2
O02144,2025-05-25,C0080,P014,1,0,電子マネー,2
O02145,2025-05-25,C0143,P029,1,0,代金引換,2
O02146,2025-05-25,C0199,P014,1,0,電子マネー,1
O02147,2025-05-26,C0075,P014,1,0,クレジットカード,1
O02148,2025-05-26,C0241,P002,1,0.2,電子マネー,1
O02149,2025-05-27,C0365,P025,1,0,クレジットカード,2
O02150,2025-05-27,C0097,P027,1,0.05,クレジットカード,2
O02151,2025-05-27,C0256,P014,1,0,コンビニ払い,1
O02152,2025-05-27,C0381,P019,2,0.2,電子マネー,4
O02153,2025-05-28,C0045,P014,1,0,クレジットカード,2
O02154,2025-05-29,C0090,P032,1,0,電子マネー,2
O02155,2025-05-30,C0033,P014,1,0,クレジットカード,2
O02156,2025-05-30,C0365,P029,1,0,電子マネー,2
O02157,2025-05-30,C0326,P025,1,0,クレジットカード,2
O02158,2025-05-30,C0280,P038,1,0,クレジットカード,3
O02159,2025-05-30,C0211,P038,1,0,電子マネー,1
O02160,2025-05-30,C0134,P038,1,0,電子マネー,2
O02161,2025-05-31,C0021,P040,1,0,電子マネー,1
O02162,2025-05-31,C0209,P038,1,0.05,クレジットカード,3
O02163,2025-05-31,C0253,P021,1,0,銀行振込,1
O02164,2025-05-31,C0381,P017,1,0,クレジットカード,5
O02165,2025-05-31,C0372,P014,1,0,クレジットカード,1
O02166,2025-05-31,C0134,P038,1,0,電子マネー,2
O02167,2025-06-01,C0353,P038,1,0.05,クレジットカード,3
O02168,2025-06-01,C0399,P011,1,0,銀行振込,2
O02169,2025-06-01,C0307,P002,1,0,代金引換,2
O02170,2025-06-01,C0160,P014,1,0,クレジットカード,3
O02171,2025-06-01,C0405,P036,1,0.1,電子マネー,4
O02172,2025-06-02,C0160,P033,1,0.05,電子マネー,2
O02173,2025-06-02,C0232,P038,1,0,コンビニ払い,2
O02174,2025-06-02,C0384,P038,1,0,クレジットカード,2
O02175,2025-06-02,C0248,P004,1,0,銀行振込,2
O02176,2025-06-02,C0241,P038,1,0,電子マネー,1
O02177,2025-06-03,C0055,P028,1,0.05,コンビニ払い,3
O02178,2025-06-03,C0033,P035,1,0,クレジットカード,2
O02179,2025-06-03,C0057,P009,3,0.2,コンビニ払い,4
O02180,2025-06-04,C0403,P038,1,0,電子マネー,1
O02181,2025-06-04,C0053,P019,1,0,クレジットカード,3
O02182,2025-06-04,C0354,P014,1,0,クレジットカード,2
O02183,2025-06-04,C0203,P032,1,0,コンビニ払い,2
O02184,2025-06-04,C0074,P019,1,0,電子マネー,2
O02185,2025-06-04,C0351,P005,1,0,代金引換,1
O02186,2025-06-05,C0274,P004,1,0,電子マネー,2
O02187,2025-06-05,C0101,P010,1,0,クレジットカード,1
O02188,2025-06-05,C0240,P014,1,0,コンビニ払い,1
O02189,2025-06-06,C0074,P009,1,0,クレジットカード,2
O02190,2025-06-06,C0276,P038,1,0,コンビニ払い,4
O02191,2025-06-07,C0277,P029,2,0,クレジットカード,3
O02192,2025-06-07,C0189,P025,1,0,電子マネー,3
O02193,2025-06-07,C0392,P019,1,0,コンビニ払い,2
O02194,2025-06-08,C0366,P006,1,0,コンビニ払い,2
O02195,2025-06-08,C0276,P032,2,0.05,クレジットカード,3
O02196,2025-06-08,C0362,P038,1,0.1,クレジットカード,3
O02197,2025-06-08,C0053,P032,1,0,銀行振込,2
O02198,2025-06-09,C0180,P038,1,0.05,クレジットカード,2
O02199,2025-06-10,C0041,P014,1,0,クレジットカード,1
O02200,2025-06-10,C0415,P011,1,0,コンビニ払い,2
O02201,2025-06-10,C0345,P019,1,0,コンビニ払い,2
O02202,2025-06-11,C0273,P014,1,0.1,電子マネー,2
O02203,2025-06-11,C0180,P038,1,0,代金引換,1
O02204,2025-06-11,C0324,P014,1,0.1,クレジットカード,2
O02205,2025-06-11,C0314,P021,1,0,電子マネー,1
O02206,2025-06-12,C0384,P006,1,0,クレジットカード,2
O02207,2025-06-13,C0203,P036,1,0,クレジットカード,2
O02208,2025-06-13,C0152,P033,1,0,クレジットカード,4
O02209,2025-06-14,C0300,P023,1,0,コンビニ払い,1
O02210,2025-06-14,C0075,P038,1,0.05,クレジットカード,1
O02211,2025-06-14,C0325,P014,1,0.3,クレジットカード,2
O02212,2025-06-14,C0189,P038,1,0,クレジットカード,4
O02213,2025-06-15,C0393,P036,1,0.05,クレジットカード,3
O02214,2025-06-15,C0053,P021,1,0.05,電子マネー,4
O02215,2025-06-15,C0057,P010,1,0,代金引換,3
O02216,2025-06-16,C0245,P029,2,0.05,クレジットカード,3
O02217,2025-06-16,C0178,P038,1,0,クレジットカード,1
O02218,2025-06-16,C0316,P026,1,0,クレジットカード,3
O02219,2025-06-16,C0238,P013,1,0,クレジットカード,3
O02220,2025-06-16,C0280,P038,1,0.2,クレジットカード,3
O02221,2025-06-16,C0052,P033,1,0,クレジットカード,2
O02222,2025-06-17,C0354,P023,1,0,クレジットカード,3
O02223,2025-06-17,C0024,P006,1,0,銀行振込,1
O02224,2025-06-18,C0293,P033,1,0,代金引換,2
O02225,2025-06-18,C0075,P032,1,0,クレジットカード,2
O02226,2025-06-18,C0007,P032,1,0,クレジットカード,2
O02227,2025-06-18,C0055,P016,1,0,クレジットカード,2
O02228,2025-06-19,C0134,P004,1,0.2,クレジットカード,1
O02229,2025-06-19,C0144,P038,1,0,クレジットカード,1
O02230,2025-06-19,C0327,P019,1,0,銀行振込,2
O02231,2025-06-19,C0361,P004,1,0,電子マネー,1
O02232,2025-06-20,C0173,P029,1,0,コンビニ払い,1
O02233,2025-06-20,C0209,P014,1,0,クレジットカード,3
O02234,2025-06-20,C0134,P014,1,0,電子マネー,1
O02235,2025-06-20,C0109,P038,1,0,代金引換,3
O02236,2025-06-20,C0190,P004,1,0,コンビニ払い,4
O02237,2025-06-20,C0053,P038,1,0,クレジットカード,2
O02238,2025-06-21,C0179,P034,1,0,コンビニ払い,1
O02239,2025-06-21,C0392,P025,1,0,電子マネー,2
O02240,2025-06-21,C0221,P014,2,0,銀行振込,2
O02241,2025-06-22,C0360,P006,2,0,クレジットカード,3
O02242,2025-06-22,C0075,P038,1,0,クレジットカード,1
O02243,2025-06-22,C0109,P035,1,0,電子マネー,2
O02244,2025-06-22,C0211,P038,1,0,クレジットカード,1
O02245,2025-06-22,C0145,P019,1,0,クレジットカード,3
O02246,2025-06-22,C0127,P014,2,0.1,クレジットカード,3
O02247,2025-06-22,C0344,P033,3,0,コンビニ払い,4
O02248,2025-06-23,C0170,P002,1,0.3,銀行振込,3
O02249,2025-06-23,C0178,P011,1,0,クレジットカード,1
O02250,2025-06-23,C0245,P014,2,0.3,電子マネー,3
O02251,2025-06-24,C0019,P019,1,0,コンビニ払い,1
O02252,2025-06-24,C0251,P029,1,0,電子マネー,4
O02253,2025-06-24,C0253,P014,1,0,クレジットカード,1
O02254,2025-06-24,C0325,P038,1,0,コンビニ払い,2
O02255,2025-06-24,C0311,P019,1,0,コンビニ払い,3
O02256,2025-06-24,C0297,P029,1,0,銀行振込,1
O02257,2025-06-25,C0210,P019,1,0,コンビニ払い,2
O02258,2025-06-25,C0160,P038,1,0,クレジットカード,2
O02259,2025-06-25,C0017,P033,1,0,コンビニ払い,1
O02260,2025-06-25,C0399,P032,1,0,代金引換,1
O02261,2025-06-25,C0296,P004,1,0,代金引換,3
O02262,2025-06-25,C0111,P019,1,0,電子マネー,3
O02263,2025-06-25,C0099,P038,1,0,クレジットカード,3
O02264,2025-06-25,C0268,P022,1,0,クレジットカード,3
O02265,2025-06-26,C0178,P019,1,0,クレジットカード,3
O02266,2025-06-26,C0053,P008,1,0,クレジットカード,4
O02267,2025-06-27,C0170,P029,2,0.1,クレジットカード,3
O02268,2025-06-27,C0413,P029,1,0.1,クレジットカード,2
O02269,2025-06-28,C0365,P014,1,0.05,クレジットカード,4
O02270,2025-06-28,C0111,P014,2,0.05,クレジットカード,2
O02271,2025-06-28,C0307,P019,1,0,クレジットカード,3
O02272,2025-06-28,C0245,P038,1,0,クレジットカード,2
O02273,2025-06-29,C0053,P029,2,0.2,クレジットカード,2
O02274,2025-06-29,C0090,P019,1,0,銀行振込,2
O02275,2025-06-29,C0316,P032,1,0.05,クレジットカード,2
O02276,2025-06-29,C0188,P038,1,0,代金引換,4
O02277,2025-06-30,C0152,P014,2,0,コンビニ払い,3
O02278,2025-06-30,C0251,P013,1,0,クレジットカード,2
O02279,2025-07-01,C0299,P027,1,0.1,クレジットカード,3
O02280,2025-07-02,C0017,P013,1,0.2,銀行振込,1
O02281,2025-07-02,C0057,P007,1,0.1,クレジットカード,2
O02282,2025-07-02,C0260,P029,2,0.1,銀行振込,1
O02283,2025-07-03,C0174,P005,2,0,クレジットカード,1
O02284,2025-07-03,C0196,P030,2,0,コンビニ払い,3
O02285,2025-07-03,C0258,P016,3,0.3,電子マネー,2
O02286,2025-07-03,C0144,P034,1,0,代金引換,2
O02287,2025-07-03,C0230,P016,2,0.2,電子マネー,1
O02288,2025-07-03,C0399,P034,1,0.1,クレジットカード,2
O02289,2025-07-03,C0075,P019,1,0.1,クレジットカード,2
O02290,2025-07-04,C0330,P038,1,0.1,電子マネー,1
O02291,2025-07-04,C0075,P006,1,0.1,コンビニ払い,1
O02292,2025-07-04,C0245,P019,2,0.2,クレジットカード,2
O02293,2025-07-04,C0047,P002,1,0.1,クレジットカード,2
O02294,2025-07-05,C0307,P038,2,0.1,コンビニ払い,3
O02295,2025-07-05,C0236,P036,1,0.2,クレジットカード,1
O02296,2025-07-05,C0090,P038,1,0,銀行振込,2
O02297,2025-07-06,C0127,P017,1,0.1,クレジットカード,4
O02298,2025-07-06,C0268,P029,1,0,電子マネー,2
O02299,2025-07-06,C0176,P038,1,0.2,コンビニ払い,2
O02300,2025-07-06,C0199,P006,2,0.05,クレジットカード,1
O02301,2025-07-06,C0307,P005,2,0.1,代金引換,2
O02302,2025-07-06,C0381,P019,1,0,電子マネー,4
O02303,2025-07-06,C0205,P036,1,0,クレジットカード,4
O02304,2025-07-07,C0370,P006,1,0.3,銀行振込,1
O02305,2025-07-07,C0092,P032,4,0.1,代金引換,2
O02306,2025-07-07,C0230,P002,1,0,代金引換,2
O02307,2025-07-07,C0281,P006,1,0,クレジットカード,3
O02308,2025-07-08,C0017,P025,1,0,クレジットカード,1
O02309,2025-07-08,C0370,P004,1,0,コンビニ払い,2
O02310,2025-07-08,C0053,P020,1,0.1,クレジットカード,2
O02311,2025-07-08,C0020,P019,1,0.05,クレジットカード,2
O02312,2025-07-08,C0353,P006,1,0.05,クレジットカード,3
O02313,2025-07-08,C0053,P018,2,0.2,クレジットカード,3
O02314,2025-07-08,C0135,P009,2,0.1,銀行振込,2
O02315,2025-07-09,C0050,P019,3,0.2,クレジットカード,2
O02316,2025-07-09,C0233,P038,1,0.2,クレジットカード,3
O02317,2025-07-09,C0238,P006,2,0.2,クレジットカード,1
O02318,2025-07-09,C0305,P038,1,0,銀行振込,1
O02319,2025-07-10,C0281,P019,1,0,クレジットカード,3
O02320,2025-07-10,C0405,P014,1,0,クレジットカード,2
O02321,2025-07-10,C0213,P019,1,0,クレジットカード,4
O02322,2025-07-11,C0075,P036,1,0.1,クレジットカード,1
O02323,2025-07-11,C0367,P038,1,0.1,代金引換,2
O02324,2025-07-11,C0276,P038,1,0.05,クレジットカード,3
O02325,2025-07-11,C0104,P033,1,0,クレジットカード,2
O02326,2025-07-11,C0330,P014,1,0.2,クレジットカード,1
O02327,2025-07-11,C0395,P038,1,0,クレジットカード,2
O02328,2025-07-11,C0134,P006,1,0.1,銀行振込,1
O02329,2025-07-12,C0307,P019,2,0.1,クレジットカード,3
O02330,2025-07-12,C0076,P014,1,0.05,クレジットカード,4
O02331,2025-07-12,C0365,P038,1,0.2,クレジットカード,2
O02332,2025-07-12,C0322,P029,1,0.1,電子マネー,2
O02333,2025-07-12,C0213,P029,1,0,銀行振込,3
O02334,2025-07-12,C0089,P029,1,0.05,銀行振込,2
O02335,2025-07-12,C0238,P014,2,0.2,クレジットカード,1
O02336,2025-07-12,C0180,P019,1,0,銀行振込,2
O02337,2025-07-13,C0391,P019,1,0.05,クレジットカード,4
O02338,2025-07-13,C0381,P038,1,0.1,クレジットカード,4
O02339,2025-07-14,C0255,P019,1,0.1,銀行振込,2
O02340,2025-07-14,C0213,P004,1,0,コンビニ払い,3
O02341,2025-07-14,C0147,P016,2,0.2,コンビニ払い,3
O02342,2025-07-15,C0376,P033,1,0.3,代金引換,2
O02343,2025-07-15,C0278,P032,3,0.1,銀行振込,3
O02344,2025-07-15,C0241,P038,1,0.2,電子マネー,1
O02345,2025-07-16,C0245,P033,1,0.1,コンビニ払い,3
O02346,2025-07-16,C0401,P005,1,0.1,電子マネー,3
O02347,2025-07-16,C0030,P013,3,0.2,クレジットカード,1
O02348,2025-07-16,C0258,P038,1,0.1,コンビニ払い,1
O02349,2025-07-16,C0322,P038,1,0.05,クレジットカード,2
O02350,2025-07-16,C0236,P019,1,0.3,クレジットカード,1
O02351,2025-07-16,C0307,P038,1,0.1,銀行振込,2
O02352,2025-07-17,C0101,P014,3,0.2,電子マネー,1
O02353,2025-07-17,C0247,P005,1,0,クレジットカード,3
O02354,2025-07-17,C0016,P024,1,0,銀行振込,3
O02355,2025-07-17,C0098,P014,1,0,クレジットカード,3
O02356,2025-07-18,C0362,P014,2,0,クレジットカード,2
O02357,2025-07-18,C0173,P033,1,0.2,電子マネー,2
O02358,2025-07-18,C0052,P004,1,0,電子マネー,2
O02359,2025-07-18,C0090,P009,1,0.1,クレジットカード,3
O02360,2025-07-18,C0203,P014,1,0,クレジットカード,2
O02361,2025-07-19,C0010,P038,1,0,クレジットカード,2
O02362,2025-07-19,C0353,P038,3,0.1,クレジットカード,3
O02363,2025-07-19,C0053,P019,2,0.1,クレジットカード,3
O02364,2025-07-19,C0241,P015,2,0.3,クレジットカード,3
O02365,2025-07-19,C0353,P014,1,0,代金引換,4
O02366,2025-07-19,C0302,P029,4,0.3,クレジットカード,4
O02367,2025-07-19,C0323,P030,1,0,代金引換,4
O02368,2025-07-19,C0410,P019,1,0,クレジットカード,2
O02369,2025-07-19,C0189,P038,1,0.3,電子マネー,3
O02370,2025-07-20,C0365,P036,1,0.2,コンビニ払い,2
O02371,2025-07-20,C0135,P014,1,0,代金引換,1
O02372,2025-07-20,C0340,P016,1,0.1,コンビニ払い,3
O02373,2025-07-20,C0307,P014,2,0.2,銀行振込,3
O02374,2025-07-20,C0210,P019,1,0,銀行振込,2
O02375,2025-07-21,C0256,P027,2,0,コンビニ払い,1
O02376,2025-07-21,C0253,P019,1,0,代金引換,1
O02377,2025-07-21,C0249,P009,2,0.2,電子マネー,1
O02378,2025-07-22,C0043,P009,1,0,クレジットカード,3
O02379,2025-07-22,C0250,P006,1,0,銀行振込,2
O02380,2025-07-22,C0057,P014,1,0.1,電子マネー,3
O02381,2025-07-22,C0144,P020,1,0.1,銀行振込,2
O02382,2025-07-22,C0399,P033,1,0,コンビニ払い,2
O02383,2025-07-22,C0307,P014,1,0,クレジットカード,2
O02384,2025-07-22,C0031,P019,1,0,電子マネー,3
O02385,2025-07-23,C0415,P004,1,0.3,クレジットカード,2
O02386,2025-07-23,C0399,P029,1,0,銀行振込,2
O02387,2025-07-23,C0230,P014,1,0,クレジットカード,2
O02388,2025-07-23,C0245,P038,1,0,クレジットカード,2
O02389,2025-07-23,C0353,P006,1,0.2,クレジットカード,4
O02390,2025-07-24,C0178,P019,3,0.1,クレジットカード,2
O02391,2025-07-25,C0213,P014,2,0.2,銀行振込,3
O02392,2025-07-25,C0104,P014,3,0.1,クレジットカード,3
O02393,2025-07-25,C0247,P017,2,0.1,コンビニ払い,3
O02394,2025-07-25,C0075,P009,1,0,クレジットカード,3
O02395,2025-07-25,C0395,P004,1,0.2,クレジットカード,1
O02396,2025-07-25,C0301,P027,2,0,クレジットカード,1
O02397,2025-07-25,C0272,P014,2,0.1,コンビニ払い,2
O02398,2025-07-26,C0204,P019,1,0.05,電子マネー,2
O02399,2025-07-26,C0289,P009,2,0.2,クレジットカード,1
O02400,2025-07-26,C0104,P038,1,0.1,コンビニ払い,3
O02401,2025-07-27,C0249,P017,1,0,クレジットカード,1
O02402,2025-07-27,C0267,P009,2,0.1,クレジットカード,1
O02403,2025-07-27,C0344,P038,1,0.1,代金引換,4
O02404,2025-07-27,C0245,P004,2,0.1,コンビニ払い,2
O02405,2025-07-27,C0418,P014,1,0.1,銀行振込,4
O02406,2025-07-27,C0280,P004,2,0.1,コンビニ払い,3
O02407,2025-07-27,C0047,P013,1,0.2,電子マネー,2
O02408,2025-07-27,C0280,P014,2,0.2,コンビニ払い,4
O02409,2025-07-28,C0090,P019,1,0,クレジットカード,2
O02410,2025-07-28,C0326,P006,2,0.2,電子マネー,1
O02411,2025-07-29,C0120,P014,1,0.1,クレジットカード,4
O02412,2025-07-29,C0245,P011,1,0,電子マネー,2
O02413,2025-07-29,C0249,P019,1,0,代金引換,2
O02414,2025-07-29,C0297,P019,1,0.2,コンビニ払い,1
O02415,2025-07-29,C0089,P038,1,0.3,クレジットカード,3
O02416,2025-07-30,C0170,P009,1,0.1,クレジットカード,3
O02417,2025-07-30,C0219,P004,1,0.1,電子マネー,2
O02418,2025-07-30,C0335,P029,1,0,電子マネー,3
O02419,2025-07-30,C0134,P038,1,0.2,電子マネー,1
O02420,2025-07-30,C0238,P023,2,0.05,電子マネー,1
O02421,2025-07-30,C0207,P014,2,0.05,クレジットカード,4
O02422,2025-07-30,C0021,P015,1,0,クレジットカード,1
O02423,2025-07-30,C0053,P006,1,0.1,代金引換,3
O02424,2025-07-31,C0203,P014,1,0.2,電子マネー,2
O02425,2025-07-31,C0291,P012,1,0,代金引換,2
O02426,2025-07-31,C0328,P019,1,0.2,電子マネー,3
O02427,2025-08-01,C0285,P004,1,0.1,クレジットカード,2
O02428,2025-08-01,C0247,P029,1,0,クレジットカード,3
O02429,2025-08-01,C0073,P019,1,0,クレジットカード,4
O02430,2025-08-02,C0248,P027,2,0.1,クレジットカード,3
O02431,2025-08-02,C0047,P038,1,0.1,電子マネー,2
O02432,2025-08-02,C0330,P009,2,0,電子マネー,1
O02433,2025-08-02,C0238,P032,1,0,銀行振込,1
O02434,2025-08-02,C0296,P038,1,0,銀行振込,4
O02435,2025-08-02,C0291,P013,2,0.1,コンビニ払い,1
O02436,2025-08-02,C0248,P019,1,0.05,代金引換,3
O02437,2025-08-02,C0326,P036,1,0,銀行振込,1
O02438,2025-08-03,C0106,P014,2,0.05,電子マネー,3
O02439,2025-08-03,C0253,P029,1,0,コンビニ払い,2
O02440,2025-08-03,C0365,P014,2,0,クレジットカード,3
O02441,2025-08-03,C0192,P032,2,0.1,クレジットカード,3
O02442,2025-08-03,C0176,P006,2,0,銀行振込,1
O02443,2025-08-03,C0415,P019,1,0,クレジットカード,2
O02444,2025-08-03,C0321,P029,1,0,クレジットカード,4
O02445,2025-08-04,C0201,P011,1,0,クレジットカード,3
O02446,2025-08-04,C0187,P038,1,0,クレジットカード,2
O02447,2025-08-04,C0297,P009,1,0.2,クレジットカード,1
O02448,2025-08-04,C0075,P038,1,0,電子マネー,2
O02449,2025-08-05,C0323,P033,1,0,代金引換,3
O02450,2025-08-05,C0407,P019,2,0,電子マネー,2
O02451,2025-08-05,C0374,P019,1,0.2,電子マネー,1
O02452,2025-08-05,C0203,P029,1,0,代金引換,2
O02453,2025-08-06,C0015,P032,1,0,銀行振込,2
O02454,2025-08-06,C0073,P029,1,0,クレジットカード,3
O02455,2025-08-06,C0248,P038,1,0,電子マネー,2
O02456,2025-08-06,C0043,P002,1,0,銀行振込,4
O02457,2025-08-06,C0160,P036,1,0,銀行振込,2
O02458,2025-08-07,C0399,P013,2,0,クレジットカード,1
O02459,2025-08-07,C0324,P009,1,0,コンビニ払い,2
O02460,2025-08-07,C0281,P019,1,0,電子マネー,2
O02461,2025-08-07,C0241,P014,1,0,電子マネー,1
O02462,2025-08-08,C0324,P023,1,0,クレジットカード,3
O02463,2025-08-08,C0328,P028,1,0,クレジットカード,4
O02464,2025-08-09,C0263,P006,1,0,代金引換,1
O02465,2025-08-09,C0311,P036,1,0,クレジットカード,3
O02466,2025-08-09,C0075,P002,2,0,コンビニ払い,1
O02467,2025-08-09,C0263,P002,2,0,銀行振込,2
O02468,2025-08-09,C0101,P020,1,0.2,コンビニ払い,1
O02469,2025-08-09,C0203,P038,1,0,電子マネー,2
O02470,2025-08-09,C0180,P021,2,0.05,コンビニ払い,2
O02471,2025-08-09,C0398,P019,1,0,クレジットカード,1
O02472,2025-08-10,C0191,P029,1,0,コンビニ払い,3
O02473,2025-08-10,C0318,P019,1,0,クレジットカード,1
O02474,2025-08-10,C0273,P020,1,0,電子マネー,2
O02475,2025-08-10,C0277,P013,1,0,クレジットカード,1
O02476,2025-08-11,C0090,P029,1,0,コンビニ払い,2
O02477,2025-08-12,C0211,P032,1,0,コンビニ払い,1
O02478,2025-08-12,C0229,P033,1,0.2,コンビニ払い,4
O02479,2025-08-12,C0299,P004,1,0.1,クレジットカード,2
O02480,2025-08-12,C0367,P029,2,0.05,代金引換,2
O02481,2025-08-12,C0315,P032,1,0.05,銀行振込,2
O02482,2025-08-12,C0057,P031,1,0,クレジットカード,2
O02483,2025-08-13,C0365,P029,1,0,銀行振込,2
O02484,2025-08-13,C0353,P008,1,0,クレジットカード,4
O02485,2025-08-13,C0285,P016,1,0.1,クレジットカード,2
O02486,2025-08-13,C0367,P019,1,0,コンビニ払い,3
O02487,2025-08-13,C0122,P019,1,0,クレジットカード,3
O02488,2025-08-13,C0010,P038,1,0,クレジットカード,2
O02489,2025-08-13,C0369,P038,1,0,コンビニ払い,1
O02490,2025-08-13,C0134,P001,2,0,クレジットカード,2
O02491,2025-08-13,C0192,P031,2,0,クレジットカード,3
O02492,2025-08-14,C0362,P019,1,0,コンビニ払い,4
O02493,2025-08-14,C0129,P022,1,0.1,代金引換,3
O02494,2025-08-14,C0360,P011,4,0.3,コンビニ払い,2
O02495,2025-08-15,C0365,P001,1,0,クレジットカード,2
O02496,2025-08-15,C0189,P038,2,0,クレジットカード,3
O02497,2025-08-15,C0308,P038,1,0,クレジットカード,3
O02498,2025-08-15,C0160,P002,1,0,銀行振込,2
O02499,2025-08-15,C0283,P029,2,0.05,代金引換,2
O02500,2025-08-16,C0052,P038,1,0,クレジットカード,2
O02501,2025-08-16,C0310,P035,1,0,クレジットカード,3
O02502,2025-08-16,C0050,P009,2,0,銀行振込,3
O02503,2025-08-16,C0215,P029,1,0.3,電子マネー,3
O02504,2025-08-17,C0134,P038,1,0,クレジットカード,3
O02505,2025-08-17,C0405,P004,1,0,コンビニ払い,2
O02506,2025-08-17,C0394,P038,1,0,銀行振込,4
O02507,2025-08-18,C0367,P032,2,0,クレジットカード,2
O02508,2025-08-18,C0033,P038,2,0.05,銀行振込,3
O02509,2025-08-18,C0201,P033,1,0,クレジットカード,4
O02510,2025-08-19,C0267,P019,1,0,電子マネー,1
O02511,2025-08-19,C0159,P038,1,0,クレジットカード,2
O02512,2025-08-19,C0193,P016,1,0,電子マネー,1
O02513,2025-08-19,C0203,P019,1,0,クレジットカード,3
O02514,2025-08-19,C0208,P038,1,0,銀行振込,2
O02515,2025-08-19,C0392,P005,2,0.2,クレジットカード,2
O02516,2025-08-19,C0147,P004,1,0.05,クレジットカード,3
O02517,2025-08-20,C0360,P014,1,0,クレジットカード,1
O02518,2025-08-20,C0253,P005,1,0,クレジットカード,1
O02519,2025-08-20,C0189,P013,1,0,銀行振込,3
O02520,2025-08-20,C0299,P029,2,0,電子マネー,2
O02521,2025-08-21,C0387,P038,1,0.1,クレジットカード,1
O02522,2025-08-21,C0075,P038,1,0,電子マネー,1
O02523,2025-08-21,C0004,P038,1,0,クレジットカード,2
O02524,2025-08-21,C0053,P032,1,0,コンビニ払い,2
O02525,2025-08-21,C0053,P038,2,0.3,クレジットカード,3
O02526,2025-08-21,C0129,P039,1,0,電子マネー,1
O02527,2025-08-21,C0111,P033,1,0,電子マネー,2
O02528,2025-08-21,C0304,P025,1,0.05,クレジットカード,3
O02529,2025-08-22,C0106,P005,1,0,銀行振込,3
O02530,2025-08-22,C0041,P038,1,0.1,銀行振込,2
O02531,2025-08-22,C0160,P036,1,0.3,クレジットカード,3
O02532,2025-08-22,C0010,P014,2,0,コンビニ払い,3
O02533,2025-08-22,C0315,P023,1,0,電子マネー,2
O02534,2025-08-22,C0407,P035,1,0,電子マネー,1
O02535,2025-08-22,C0160,P009,1,0,電子マネー,3
O02536,2025-08-23,C0053,P014,1,0,代金引換,2
O02537,2025-08-23,C0392,P029,1,0,コンビニ払い,1
O02538,2025-08-23,C0297,P022,1,0.05,クレジットカード,1
O02539,2025-08-23,C0189,P038,1,0,クレジットカード,3
O02540,2025-08-23,C0412,P038,1,0,銀行振込,2
O02541,2025-08-23,C0053,P014,1,0,電子マネー,2
O02542,2025-08-24,C0087,P023,1,0,コンビニ払い,1
O02543,2025-08-24,C0184,P024,2,0,電子マネー,3
O02544,2025-08-24,C0276,P004,3,0,コンビニ払い,4
O02545,2025-08-24,C0229,P014,2,0,銀行振込,3
O02546,2025-08-25,C0302,P013,1,0.05,銀行振込,3
O02547,2025-08-25,C0367,P002,1,0,クレジットカード,2
O02548,2025-08-25,C0053,P038,1,0.1,電子マネー,2
O02549,2025-08-25,C0160,P016,1,0,クレジットカード,2
O02550,2025-08-25,C0134,P021,1,0,クレジットカード,1
O02551,2025-08-26,C0073,P029,1,0.1,クレジットカード,4
O02552,2025-08-26,C0016,P009,1,0,銀行振込,4
O02553,2025-08-26,C0090,P019,1,0.05,コンビニ払い,3
O02554,2025-08-26,C0363,P028,1,0.1,電子マネー,1
O02555,2025-08-26,C0240,P038,1,0,クレジットカード,2
O02556,2025-08-27,C0057,P029,1,0,電子マネー,2
O02557,2025-08-27,C0394,P038,1,0,電子マネー,3
O02558,2025-08-27,C0400,P008,1,0,銀行振込,2
O02559,2025-08-27,C0231,P005,2,0,クレジットカード,3
O02560,2025-08-28,C0090,P019,1,0,電子マネー,2
O02561,2025-08-28,C0316,P019,2,0.1,クレジットカード,2
O02562,2025-08-28,C0195,P038,2,0,クレジットカード,3
O02563,2025-08-28,C0285,P019,1,0,クレジットカード,2
O02564,2025-08-28,C0170,P006,1,0.05,クレジットカード,3
O02565,2025-08-29,C0001,P032,1,0,電子マネー,3
O02566,2025-08-29,C0247,P036,1,0.05,クレジットカード,3
O02567,2025-08-29,C0387,P034,1,0,電子マネー,3
O02568,2025-08-29,C0245,P014,1,0,クレジットカード,2
O02569,2025-08-29,C0201,P038,1,0.05,電子マネー,3
O02570,2025-08-30,C0230,P036,1,0,クレジットカード,1
O02571,2025-08-30,C0015,P036,1,0,電子マネー,2
O02572,2025-08-30,C0307,P004,1,0,クレジットカード,2
O02573,2025-08-30,C0075,P009,1,0.05,クレジットカード,1
O02574,2025-08-30,C0217,P001,2,0,クレジットカード,2
O02575,2025-08-30,C0075,P001,1,0,コンビニ払い,1
O02576,2025-08-30,C0240,P013,1,0,銀行振込,1
O02577,2025-08-30,C0230,P013,2,0.1,代金引換,1
O02578,2025-08-30,C0141,P004,1,0,コンビニ払い,1
O02579,2025-08-30,C0384,P038,1,0,コンビニ払い,1
O02580,2025-08-30,C0245,P038,2,0,代金引換,3
O02581,2025-08-31,C0310,P008,1,0.1,クレジットカード,2
O02582,2025-08-31,C0367,P004,2,0,クレジットカード,2
O02583,2025-08-31,C0075,P018,1,0,クレジットカード,1
O02584,2025-08-31,C0204,P005,1,0,コンビニ払い,3
O02585,2025-08-31,C0123,P019,2,0.3,電子マネー,4
O02586,2025-08-31,C0052,P023,1,0.05,クレジットカード,2
O02587,2025-08-31,C0004,P009,1,0,クレジットカード,2
O02588,2025-09-01,C0178,P019,2,0.3,クレジットカード,2
O02589,2025-09-01,C0351,P032,1,0,クレジットカード,1
O02590,2025-09-01,C0381,P038,1,0.2,クレジットカード,3
O02591,2025-09-02,C0197,P038,1,0.1,コンビニ払い,4
O02592,2025-09-02,C0307,P008,2,0,コンビニ払い,2
O02593,2025-09-02,C0021,P013,1,0,クレジットカード,1
O02594,2025-09-02,C0019,P038,1,0.2,コンビニ払い,2
O02595,2025-09-03,C0075,P014,1,0,クレジットカード,1
O02596,2025-09-03,C0087,P029,1,0,クレジットカード,2
O02597,2025-09-03,C0249,P019,1,0,クレジットカード,1
O02598,2025-09-04,C0277,P020,1,0.05,クレジットカード,1
O02599,2025-09-04,C0245,P038,1,0,電子マネー,2
O02600,2025-09-04,C0289,P032,1,0,コンビニ払い,2
O02601,2025-09-05,C0338,P026,1,0,銀行振込,2
O02602,2025-09-05,C0075,P019,1,0,クレジットカード,2
O02603,2025-09-05,C0134,P035,1,0,電子マネー,1
O02604,2025-09-05,C0205,P011,2,0,クレジットカード,4
O02605,2025-09-05,C0413,P019,1,0,クレジットカード,3
O02606,2025-09-05,C0111,P014,1,0,電子マネー,2
O02607,2025-09-05,C0053,P033,1,0,電子マネー,2
O02608,2025-09-06,C0207,P025,1,0,クレジットカード,2
O02609,2025-09-06,C0174,P035,1,0,コンビニ払い,1
O02610,2025-09-06,C0090,P032,1,0,コンビニ払い,2
O02611,2025-09-06,C0263,P006,2,0.1,クレジットカード,2
O02612,2025-09-06,C0147,P028,1,0,代金引換,4
O02613,2025-09-07,C0401,P038,1,0,銀行振込,3
O02614,2025-09-07,C0111,P019,1,0,電子マネー,2
O02615,2025-09-07,C0048,P014,1,0,電子マネー,3
O02616,2025-09-07,C0053,P014,1,0.1,コンビニ払い,2
O02617,2025-09-07,C0285,P038,1,0.3,コンビニ払い,3
O02618,2025-09-07,C0365,P033,1,0,電子マネー,2
O02619,2025-09-07,C0238,P032,1,0,銀行振込,1
O02620,2025-09-07,C0209,P036,1,0.05,銀行振込,3
O02621,2025-09-08,C0081,P019,2,0.1,クレジットカード,4
O02622,2025-09-08,C0033,P024,1,0,コンビニ払い,3
O02623,2025-09-08,C0229,P009,1,0,銀行振込,4
O02624,2025-09-09,C0160,P006,2,0,クレジットカード,3
O02625,2025-09-09,C0123,P013,1,0,コンビニ払い,3
O02626,2025-09-09,C0053,P038,1,0.05,クレジットカード,3
O02627,2025-09-09,C0367,P014,1,0,クレジットカード,2
O02628,2025-09-10,C0297,P011,2,0.05,クレジットカード,1
O02629,2025-09-10,C0245,P004,1,0.05,銀行振込,2
O02630,2025-09-10,C0075,P019,1,0.2,銀行振込,1
O02631,2025-09-10,C0416,P014,1,0.1,クレジットカード,2
O02632,2025-09-10,C0273,P029,1,0,コンビニ払い,3
O02633,2025-09-11,C0371,P009,1,0,クレジットカード,3
O02634,2025-09-11,C0033,P017,1,0,クレジットカード,3
O02635,2025-09-11,C0015,P038,2,0.2,電子マネー,3
O02636,2025-09-11,C0334,P029,1,0,代金引換,3
O02637,2025-09-12,C0049,P029,1,0,クレジットカード,3
O02638,2025-09-12,C0326,P018,1,0,電子マネー,2
O02639,2025-09-12,C0090,P013,1,0,クレジットカード,2
O02640,2025-09-12,C0360,P014,1,0,コンビニ払い,2
O02641,2025-09-13,C0049,P014,1,0,代金引換,5
O02642,2025-09-13,C0230,P019,1,0,クレジットカード,1
O02643,2025-09-13,C0297,P019,1,0,電子マネー,2
O02644,2025-09-14,C0075,P017,1,0,銀行振込,1
O02645,2025-09-14,C0111,P038,1,0.05,クレジットカード,3
O02646,2025-09-14,C0203,P013,1,0,電子マネー,2
O02647,2025-09-14,C0258,P029,1,0.2,銀行振込,1
O02648,2025-09-14,C0193,P036,1,0,クレジットカード,1
O02649,2025-09-14,C0285,P029,1,0,コンビニ払い,3
O02650,2025-09-14,C0369,P014,1,0,代金引換,1
O02651,2025-09-14,C0297,P038,1,0,電子マネー,2
O02652,2025-09-15,C0052,P019,1,0,クレジットカード,2
O02653,2025-09-15,C0230,P019,1,0,コンビニ払い,1
O02654,2025-09-15,C0203,P014,1,0,代金引換,2
O02655,2025-09-15,C0134,P029,1,0,コンビニ払い,2
O02656,2025-09-16,C0011,P040,1,0,代金引換,1
O02657,2025-09-16,C0384,P014,1,0,コンビニ払い,1
O02658,2025-09-17,C0298,P005,1,0,クレジットカード,4
O02659,2025-09-18,C0376,P004,1,0.1,コンビニ払い,2
O02660,2025-09-18,C0010,P033,1,0.1,クレジットカード,2
O02661,2025-09-18,C0073,P038,1,0,クレジットカード,3
O02662,2025-09-18,C0373,P021,2,0,電子マネー,4
O02663,2025-09-18,C0075,P020,1,0.05,クレジットカード,1
O02664,2025-09-19,C0075,P019,1,0,クレジットカード,2
O02665,2025-09-19,C0178,P040,1,0.05,クレジットカード,2
O02666,2025-09-19,C0180,P013,1,0,代金引換,1
O02667,2025-09-19,C0406,P019,1,0,コンビニ払い,2
O02668,2025-09-19,C0407,P019,1,0,電子マネー,2
O02669,2025-09-19,C0307,P039,1,0,銀行振込,2
O02670,2025-09-20,C0310,P010,1,0,電子マネー,3
O02671,2025-09-20,C0195,P033,2,0.1,クレジットカード,2
O02672,2025-09-20,C0094,P015,1,0,コンビニ払い,3
O02673,2025-09-20,C0310,P019,2,0.1,代金引換,2
O02674,2025-09-20,C0256,P025,1,0.05,クレジットカード,1
O02675,2025-09-20,C0256,P014,1,0,銀行振込,1
O02676,2025-09-21,C0258,P019,1,0,電子マネー,1
O02677,2025-09-21,C0365,P014,1,0,電子マネー,2
O02678,2025-09-21,C0263,P029,1,0,代金引換,1
O02679,2025-09-22,C0230,P029,1,0,クレジットカード,1
O02680,2025-09-22,C0213,P036,1,0,クレジットカード,5
O02681,2025-09-22,C0365,P008,1,0,コンビニ払い,2
O02682,2025-09-22,C0233,P005,1,0,コンビニ払い,3
O02683,2025-09-22,C0101,P014,1,0,コンビニ払い,2
O02684,2025-09-22,C0062,P033,1,0,クレジットカード,4
O02685,2025-09-23,C0007,P013,1,0,電子マネー,2
O02686,2025-09-23,C0090,P019,1,0,銀行振込,2
O02687,2025-09-23,C0069,P036,1,0,電子マネー,4
O02688,2025-09-23,C0053,P029,1,0,電子マネー,3
O02689,2025-09-23,C0387,P037,1,0,コンビニ払い,2
O02690,2025-09-23,C0211,P016,3,0.1,コンビニ払い,1
O02691,2025-09-23,C0367,P029,1,0,クレジットカード,3
O02692,2025-09-24,C0099,P029,1,0,クレジットカード,3
O02693,2025-09-24,C0170,P022,1,0.1,クレジットカード,3
O02694,2025-09-25,C0193,P025,1,0,電子マネー,1
O02695,2025-09-26,C0253,P029,1,0.05,銀行振込,1
O02696,2025-09-26,C0053,P005,2,0.3,電子マネー,3
O02697,2025-09-26,C0256,P019,1,0.05,電子マネー,2
O02698,2025-09-26,C0327,P009,1,0,クレジットカード,2
O02699,2025-09-26,C0340,P025,1,0,銀行振込,1
O02700,2025-09-26,C0129,P038,2,0,クレジットカード,1
O02701,2025-09-27,C0275,P020,1,0.05,コンビニ払い,2
O02702,2025-09-27,C0143,P014,1,0,クレジットカード,2
O02703,2025-09-27,C0098,P014,1,0,銀行振込,2
O02704,2025-09-27,C0343,P019,1,0,銀行振込,2
O02705,2025-09-27,C0053,P036,1,0.05,銀行振込,2
O02706,2025-09-27,C0162,P019,1,0,電子マネー,2
O02707,2025-09-27,C0368,P036,1,0,銀行振込,3
O02708,2025-09-27,C0405,P033,1,0,コンビニ払い,2
O02709,2025-09-27,C0316,P032,1,0,代金引換,3
O02710,2025-09-27,C0289,P038,1,0,コンビニ払い,1
O02711,2025-09-27,C0213,P009,1,0,クレジットカード,3
O02712,2025-09-28,C0375,P029,2,0.3,銀行振込,3
O02713,2025-09-28,C0142,P036,1,0,クレジットカード,5
O02714,2025-09-28,C0401,P014,1,0,代金引換,3
O02715,2025-09-28,C0360,P038,1,0,クレジットカード,2
O02716,2025-09-28,C0292,P038,1,0,電子マネー,5
O02717,2025-09-28,C0053,P021,2,0.2,代金引換,3
O02718,2025-09-28,C0308,P019,2,0.05,クレジットカード,2
O02719,2025-09-29,C0089,P038,1,0,電子マネー,3
O02720,2025-09-29,C0196,P019,1,0,電子マネー,2
O02721,2025-09-30,C0209,P004,1,0,コンビニ払い,4
O02722,2025-09-30,C0141,P019,1,0,クレジットカード,1
O02723,2025-10-01,C0053,P019,1,0,代金引換,2
O02724,2025-10-01,C0090,P005,1,0,クレジットカード,2
O02725,2025-10-01,C0260,P035,2,0.05,電子マネー,2
O02726,2025-10-01,C0245,P014,1,0,電子マネー,2
O02727,2025-10-02,C0084,P006,1,0,クレジットカード,2
O02728,2025-10-02,C0010,P014,1,0,電子マネー,2
O02729,2025-10-02,C0174,P019,1,0,代金引換,2
O02730,2025-10-02,C0310,P019,1,0,電子マネー,2
O02731,2025-10-03,C0053,P038,1,0,コンビニ払い,2
O02732,2025-10-03,C0323,P025,1,0,コンビニ払い,3
O02733,2025-10-04,C0211,P038,1,0,コンビニ払い,2
O02734,2025-10-04,C0064,P005,1,0,クレジットカード,2
O02735,2025-10-04,C0192,P019,2,0,代金引換,2
O02736,2025-10-04,C0021,P023,1,0,コンビニ払い,2
O02737,2025-10-04,C0021,P004,2,0,クレジットカード,1
O02738,2025-10-04,C0112,P038,1,0,クレジットカード,2
O02739,2025-10-04,C0317,P019,1,0,銀行振込,1
O02740,2025-10-04,C0413,P030,1,0,代金引換,2
O02741,2025-10-04,C0126,P038,1,0,電子マネー,2
O02742,2025-10-04,C0230,P038,1,0,クレジットカード,2
O02743,2025-10-04,C0075,P014,1,0,クレジットカード,1
O02744,2025-10-04,C0134,P019,1,0,クレジットカード,1
O02745,2025-10-05,C0024,P029,1,0,クレジットカード,1
O02746,2025-10-05,C0412,P036,1,0.2,電子マネー,1
O02747,2025-10-05,C0250,P020,1,0,クレジットカード,2
O02748,2025-10-05,C0210,P027,1,0,クレジットカード,3
O02749,2025-10-05,C0108,P019,1,0.2,銀行振込,5
O02750,2025-10-06,C0064,P019,1,0.1,クレジットカード,2
O02751,2025-10-06,C0394,P029,1,0,コンビニ払い,4
O02752,2025-10-06,C0128,P038,1,0.05,電子マネー,1
O02753,2025-10-06,C0039,P038,1,0,銀行振込,3
O02754,2025-10-06,C0327,P030,1,0,銀行振込,3
O02755,2025-10-06,C0238,P038,1,0,電子マネー,1
O02756,2025-10-06,C0101,P033,2,0.1,クレジットカード,1
O02757,2025-10-07,C0273,P014,1,0,電子マネー,2
O02758,2025-10-07,C0327,P019,1,0,クレジットカード,2
O02759,2025-10-07,C0307,P038,1,0,クレジットカード,2
O02760,2025-10-07,C0321,P030,1,0.1,クレジットカード,4
O02761,2025-10-08,C0134,P004,1,0,電子マネー,2
O02762,2025-10-08,C0233,P006,1,0,電子マネー,2
O02763,2025-10-08,C0358,P029,1,0,クレジットカード,2
O02764,2025-10-08,C0180,P032,2,0,コンビニ払い,1
O02765,2025-10-08,C0339,P023,1,0.05,クレジットカード,3
O02766,2025-10-09,C0277,P019,1,0,電子マネー,3
O02767,2025-10-09,C0142,P037,1,0,銀行振込,3
O02768,2025-10-09,C0153,P025,1,0,クレジットカード,4
O02769,2025-10-10,C0122,P014,1,0,コンビニ払い,2
O02770,2025-10-10,C0310,P014,1,0,クレジットカード,2
O02771,2025-10-10,C0288,P028,1,0.05,代金引換,2
O02772,2025-10-11,C0328,P035,1,0,電子マネー,4
O02773,2025-10-11,C0130,P029,1,0,銀行振込,2
O02774,2025-10-11,C0384,P023,1,0.1,銀行振込,2
O02775,2025-10-11,C0135,P011,2,0.1,銀行振込,1
O02776,2025-10-11,C0053,P004,1,0,クレジットカード,2
O02777,2025-10-11,C0071,P038,1,0,クレジットカード,2
O02778,2025-10-11,C0036,P002,1,0.05,電子マネー,2
O02779,2025-10-12,C0050,P038,1,0,銀行振込,2
O02780,2025-10-12,C0376,P020,1,0,銀行振込,2
O02781,2025-10-13,C0342,P029,1,0,電子マネー,1
O02782,2025-10-13,C0288,P019,1,0,銀行振込,2
O02783,2025-10-14,C0173,P038,1,0.1,電子マネー,1
O02784,2025-10-15,C0253,P006,1,0,クレジットカード,1
O02785,2025-10-15,C0396,P011,1,0,電子マネー,2
O02786,2025-10-15,C0412,P038,1,0,代金引換,1
O02787,2025-10-15,C0180,P038,1,0.1,代金引換,2
O02788,2025-10-15,C0267,P038,1,0,クレジットカード,1
O02789,2025-10-16,C0258,P038,1,0,クレジットカード,1
O02790,2025-10-16,C0363,P020,1,0,クレジットカード,2
O02791,2025-10-16,C0090,P038,1,0,クレジットカード,3
O02792,2025-10-17,C0209,P032,1,0,代金引換,4
O02793,2025-10-17,C0090,P014,1,0,クレジットカード,4
O02794,2025-10-17,C0360,P019,1,0,クレジットカード,2
O02795,2025-10-17,C0129,P038,1,0,電子マネー,1
O02796,2025-10-18,C0053,P038,1,0,クレジットカード,2
O02797,2025-10-18,C0351,P029,3,0,コンビニ払い,1
O02798,2025-10-18,C0086,P005,1,0,電子マネー,3
O02799,2025-10-18,C0064,P003,2,0,銀行振込,2
O02800,2025-10-18,C0351,P029,1,0.1,代金引換,2
O02801,2025-10-18,C0288,P002,2,0.3,クレジットカード,1
O02802,2025-10-19,C0373,P019,2,0.3,銀行振込,3
O02803,2025-10-19,C0049,P014,1,0,クレジットカード,4
O02804,2025-10-19,C0236,P033,1,0,コンビニ払い,1
O02805,2025-10-19,C0210,P033,2,0,クレジットカード,2
O02806,2025-10-20,C0316,P038,1,0,クレジットカード,2
O02807,2025-10-20,C0045,P002,1,0,クレジットカード,2
O02808,2025-10-20,C0420,P030,1,0,クレジットカード,1
O02809,2025-10-20,C0180,P004,1,0,電子マネー,1
O02810,2025-10-20,C0301,P030,1,0,クレジットカード,2
O02811,2025-10-20,C0233,P033,1,0,電子マネー,2
O02812,2025-10-20,C0394,P025,1,0,クレジットカード,4
O02813,2025-10-21,C0240,P014,1,0,クレジットカード,1
O02814,2025-10-21,C0144,P029,1,0,クレジットカード,1
O02815,2025-10-21,C0330,P019,1,0,クレジットカード,1
O02816,2025-10-22,C0134,P038,1,0,クレジットカード,2
O02817,2025-10-22,C0062,P033,1,0,クレジットカード,3
O02818,2025-10-22,C0229,P014,1,0,コンビニ払い,3
O02819,2025-10-22,C0360,P038,1,0,クレジットカード,1
O02820,2025-10-22,C0053,P014,2,0,クレジットカード,2
O02821,2025-10-22,C0365,P018,1,0,代金引換,2
O02822,2025-10-23,C0129,P002,1,0.05,銀行振込,2
O02823,2025-10-23,C0178,P038,1,0,クレジットカード,2
O02824,2025-10-23,C0057,P033,1,0.1,クレジットカード,2
O02825,2025-10-23,C0238,P014,1,0,コンビニ払い,2
O02826,2025-10-23,C0363,P033,1,0,銀行振込,1
O02827,2025-10-23,C0188,P014,1,0.1,電子マネー,2
O02828,2025-10-24,C0114,P019,1,0,クレジットカード,2
O02829,2025-10-24,C0243,P029,1,0,コンビニ払い,3
O02830,2025-10-24,C0180,P013,1,0,電子マネー,2
O02831,2025-10-25,C0160,P038,2,0,クレジットカード,3
O02832,2025-10-25,C0256,P033,1,0,コンビニ払い,1
O02833,2025-10-25,C0351,P034,2,0.1,代金引換,1
O02834,2025-10-25,C0368,P029,2,0.2,電子マネー,3
O02835,2025-10-25,C0132,P033,2,0,クレジットカード,3
O02836,2025-10-25,C0399,P006,1,0.3,電子マネー,2
O02837,2025-10-25,C0053,P038,1,0,クレジットカード,3
O02838,2025-10-25,C0053,P033,2,0,代金引換,2
O02839,2025-10-26,C0271,P038,1,0.2,銀行振込,3
O02840,2025-10-26,C0122,P029,1,0,クレジットカード,3
O02841,2025-10-26,C0276,P034,1,0,クレジットカード,3
O02842,2025-10-26,C0180,P005,1,0,クレジットカード,1
O02843,2025-10-26,C0189,P031,1,0,クレジットカード,3
O02844,2025-10-26,C0131,P032,1,0,クレジットカード,1
O02845,2025-10-26,C0400,P019,1,0,電子マネー,1
O02846,2025-10-26,C0123,P002,1,0.1,クレジットカード,2
O02847,2025-10-27,C0039,P020,2,0,代金引換,4
O02848,2025-10-27,C0178,P019,1,0,クレジットカード,2
O02849,2025-10-27,C0406,P004,1,0,コンビニ払い,2
O02850,2025-10-27,C0247,P038,1,0,クレジットカード,3
O02851,2025-10-27,C0038,P014,1,0,銀行振込,1
O02852,2025-10-27,C0075,P032,1,0,コンビニ払い,1
O02853,2025-10-27,C0123,P033,2,0,クレジットカード,2
O02854,2025-10-27,C0391,P019,1,0.05,コンビニ払い,3
O02855,2025-10-27,C0241,P019,1,0,クレジットカード,1
O02856,2025-10-27,C0010,P019,1,0,代金引換,3
O02857,2025-10-28,C0031,P014,1,0,電子マネー,3
O02858,2025-10-28,C0335,P035,1,0,コンビニ払い,4
O02859,2025-10-28,C0413,P019,1,0,銀行振込,2
O02860,2025-10-28,C0288,P014,1,0,クレジットカード,2
O02861,2025-10-28,C0127,P008,1,0.1,電子マネー,4
O02862,2025-10-28,C0412,P025,1,0,銀行振込,1
O02863,2025-10-29,C0307,P033,1,0,コンビニ払い,2
O02864,2025-10-29,C0330,P025,2,0,銀行振込,1
O02865,2025-10-29,C0311,P016,1,0.1,電子マネー,2
O02866,2025-10-30,C0183,P014,1,0,クレジットカード,2
O02867,2025-10-30,C0331,P038,1,0,電子マネー,1
O02868,2025-10-30,C0162,P032,1,0,電子マネー,3
O02869,2025-10-31,C0343,P004,1,0,電子マネー,2
O02870,2025-10-31,C0183,P014,2,0.05,電子マネー,1
O02871,2025-10-31,C0354,P007,1,0.2,クレジットカード,2
O02872,2025-11-01,C0263,P038,1,0,クレジットカード,1
O02873,2025-11-01,C0288,P008,1,0,電子マネー,2
O02874,2025-11-01,C0053,P022,1,0.2,クレジットカード,2
O02875,2025-11-01,C0241,P019,2,0.1,クレジットカード,2
O02876,2025-11-01,C0230,P011,1,0,クレジットカード,2
O02877,2025-11-01,C0281,P038,1,0,クレジットカード,2
O02878,2025-11-01,C0232,P014,3,0.3,クレジットカード,1
O02879,2025-11-01,C0245,P019,2,0.2,コンビニ払い,3
O02880,2025-11-01,C0077,P014,1,0,代金引換,3
O02881,2025-11-02,C0332,P031,1,0.1,銀行振込,2
O02882,2025-11-02,C0090,P033,1,0,クレジットカード,2
O02883,2025-11-02,C0053,P019,1,0,クレジットカード,3
O02884,2025-11-02,C0075,P029,3,0.1,クレジットカード,3
O02885,2025-11-02,C0031,P009,2,0.1,クレジットカード,3
O02886,2025-11-02,C0264,P035,1,0.3,クレジットカード,3
O02887,2025-11-02,C0106,P029,3,0.1,クレジットカード,3
O02888,2025-11-02,C0090,P009,1,0.05,電子マネー,2
O02889,2025-11-02,C0036,P038,1,0,電子マネー,3
O02890,2025-11-03,C0305,P038,1,0.2,銀行振込,2
O02891,2025-11-03,C0334,P009,1,0,代金引換,2
O02892,2025-11-03,C0308,P017,2,0.1,代金引換,2
O02893,2025-11-03,C0332,P038,1,0,銀行振込,3
O02894,2025-11-03,C0248,P038,1,0,クレジットカード,2
O02895,2025-11-03,C0230,P014,3,0.3,電子マネー,1
O02896,2025-11-03,C0288,P014,1,0,クレジットカード,1
O02897,2025-11-03,C0050,P019,1,0,クレジットカード,3
O02898,2025-11-03,C0253,P034,1,0,コンビニ払い,2
O02899,2025-11-03,C0038,P036,1,0.1,代金引換,1
O02900,2025-11-03,C0238,P004,1,0,銀行振込,2
O02901,2025-11-04,C0057,P014,3,0.1,電子マネー,3
O02902,2025-11-04,C0134,P019,1,0.1,クレジットカード,2
O02903,2025-11-04,C0394,P014,1,0.1,電子マネー,3
O02904,2025-11-04,C0089,P038,2,0.3,クレジットカード,2
O02905,2025-11-04,C0294,P011,3,0.3,電子マネー,2
O02906,2025-11-04,C0256,P014,2,0.3,クレジットカード,1
O02907,2025-11-05,C0010,P029,1,0,銀行振込,2
O02908,2025-11-05,C0130,P034,1,0.1,クレジットカード,2
O02909,2025-11-05,C0123,P006,2,0.1,代金引換,2
O02910,2025-11-05,C0275,P013,1,0.1,クレジットカード,2
O02911,2025-11-05,C0234,P014,1,0.2,クレジットカード,4
O02912,2025-11-06,C0214,P033,2,0.1,コンビニ払い,2
O02913,2025-11-06,C0068,P029,1,0,コンビニ払い,1
O02914,2025-11-06,C0410,P021,1,0,コンビニ払い,1
O02915,2025-11-06,C0180,P004,1,0.1,コンビニ払い,1
O02916,2025-11-06,C0053,P009,2,0.3,銀行振込,2
O02917,2025-11-06,C0275,P029,2,0,クレジットカード,2
O02918,2025-11-06,C0130,P009,3,0,電子マネー,2
O02919,2025-11-07,C0389,P029,2,0.2,電子マネー,2
O02920,2025-11-07,C0068,P032,1,0.1,銀行振込,1
O02921,2025-11-07,C0075,P019,1,0,代金引換,1
O02922,2025-11-07,C0086,P009,1,0,電子マネー,2
O02923,2025-11-07,C0253,P005,1,0.1,電子マネー,1
O02924,2025-11-08,C0393,P004,1,0.1,代金引換,3
O02925,2025-11-08,C0189,P014,1,0.05,クレジットカード,4
O02926,2025-11-08,C0340,P012,1,0.1,コンビニ払い,2
O02927,2025-11-08,C0368,P029,4,0.1,クレジットカード,3
O02928,2025-11-08,C0275,P038,1,0.2,電子マネー,1
O02929,2025-11-08,C0047,P013,3,0.3,クレジットカード,4
O02930,2025-11-08,C0021,P029,1,0.1,銀行振込,2
O02931,2025-11-09,C0217,P005,2,0.2,クレジットカード,3
O02932,2025-11-09,C0395,P030,1,0,電子マネー,2
O02933,2025-11-09,C0380,P029,3,0.2,クレジットカード,3
O02934,2025-11-09,C0052,P023,2,0,コンビニ払い,2
O02935,2025-11-09,C0267,P011,1,0.1,クレジットカード,2
O02936,2025-11-09,C0376,P038,1,0.2,銀行振込,2
O02937,2025-11-09,C0041,P038,1,0.05,電子マネー,2
O02938,2025-11-10,C0334,P014,1,0.2,代金引換,3
O02939,2025-11-10,C0188,P033,3,0.1,銀行振込,2
O02940,2025-11-10,C0330,P004,1,0,クレジットカード,1
O02941,2025-11-10,C0053,P038,1,0.2,クレジットカード,2
O02942,2025-11-10,C0055,P038,1,0.1,電子マネー,2
O02943,2025-11-10,C0055,P030,1,0,コンビニ払い,3
O02944,2025-11-10,C0230,P017,1,0,クレジットカード,2
O02945,2025-11-10,C0021,P038,1,0.2,電子マネー,1
O02946,2025-11-11,C0297,P004,2,0.3,クレジットカード,1
O02947,2025-11-11,C0227,P019,1,0.1,クレジットカード,2
O02948,2025-11-11,C0353,P023,2,0,電子マネー,3
O02949,2025-11-11,C0101,P029,1,0.05,銀行振込,1
O02950,2025-11-11,C0037,P019,1,0,銀行振込,2
O02951,2025-11-11,C0031,P038,1,0,クレジットカード,2
O02952,2025-11-11,C0275,P038,1,0.1,電子マネー,1
O02953,2025-11-12,C0137,P014,1,0.1,電子マネー,2
O02954,2025-11-12,C0365,P038,1,0,電子マネー,2
O02955,2025-11-12,C0273,P033,1,0,コンビニ払い,2
O02956,2025-11-12,C0053,P036,1,0.2,コンビニ払い,3
O02957,2025-11-12,C0178,P004,2,0,クレジットカード,2
O02958,2025-11-12,C0314,P011,1,0,電子マネー,1
O02959,2025-11-12,C0387,P034,1,0.1,電子マネー,1
O02960,2025-11-12,C0221,P038,1,0.05,コンビニ払い,1
O02961,2025-11-12,C0015,P008,1,0,クレジットカード,3
O02962,2025-11-13,C0280,P038,1,0.3,コンビニ払い,4
O02963,2025-11-13,C0281,P005,1,0.1,クレジットカード,2
O02964,2025-11-13,C0192,P007,1,0,電子マネー,2
O02965,2025-11-13,C0322,P029,1,0,クレジットカード,2
O02966,2025-11-13,C0160,P020,1,0.2,コンビニ払い,2
O02967,2025-11-13,C0331,P038,1,0.1,クレジットカード,1
O02968,2025-11-13,C0090,P033,1,0,代金引換,3
O02969,2025-11-14,C0192,P029,1,0,コンビニ払い,2
O02970,2025-11-14,C0059,P011,1,0,クレジットカード,2
O02971,2025-11-14,C0292,P011,1,0,クレジットカード,4
O02972,2025-11-14,C0178,P020,1,0.2,クレジットカード,1
O02973,2025-11-14,C0089,P014,1,0.1,クレジットカード,2
O02974,2025-11-14,C0178,P040,1,0.1,代金引換,1
O02975,2025-11-14,C0235,P019,2,0,クレジットカード,2
O02976,2025-11-14,C0300,P038,1,0,コンビニ払い,1
O02977,2025-11-14,C0412,P038,1,0,銀行振込,1
O02978,2025-11-14,C0013,P014,2,0.1,銀行振込,3
O02979,2025-11-15,C0232,P028,1,0,クレジットカード,1
O02980,2025-11-15,C0273,P030,1,0.05,銀行振込,2
O02981,2025-11-15,C0078,P014,2,0.05,コンビニ払い,3
O02982,2025-11-15,C0131,P013,2,0.3,クレジットカード,1
O02983,2025-11-15,C0279,P024,1,0.2,クレジットカード,2
O02984,2025-11-15,C0365,P032,1,0,クレジットカード,2
O02985,2025-11-15,C0338,P032,1,0,クレジットカード,2
O02986,2025-11-15,C0230,P014,3,0.1,電子マネー,1
O02987,2025-11-15,C0340,P013,1,0,電子マネー,1
O02988,2025-11-15,C0249,P004,2,0.1,電子マネー,1
O02989,2025-11-15,C0413,P033,1,0,銀行振込,3
O02990,2025-11-16,C0104,P009,1,0.2,電子マネー,3
O02991,2025-11-16,C0244,P010,1,0,銀行振込,2
O02992,2025-11-16,C0180,P023,2,0.1,コンビニ払い,1
O02993,2025-11-16,C0100,P038,2,0,電子マネー,3
O02994,2025-11-16,C0134,P015,1,0,クレジットカード,1
O02995,2025-11-16,C0267,P029,1,0.3,クレジットカード,1
O02996,2025-11-16,C0041,P025,1,0,クレジットカード,1
O02997,2025-11-17,C0086,P029,1,0.1,電子マネー,2
O02998,2025-11-17,C0247,P019,1,0.1,クレジットカード,4
O02999,2025-11-17,C0331,P038,1,0.1,銀行振込,1
O03000,2025-11-17,C0221,P019,1,0,クレジットカード,1
O03001,2025-11-17,C0104,P040,1,0.2,クレジットカード,3
O03002,2025-11-18,C0039,P014,5,0.3,銀行振込,4
O03003,2025-11-18,C0135,P009,1,0.1,クレジットカード,1
O03004,2025-11-18,C0238,P037,1,0.1,クレジットカード,1
O03005,2025-11-18,C0141,P005,3,0.2,クレジットカード,2
O03006,2025-11-19,C0306,P014,3,0.1,代金引換,1
O03007,2025-11-19,C0253,P033,1,0,クレジットカード,2
O03008,2025-11-20,C0355,P029,1,0.1,銀行振込,2
O03009,2025-11-20,C0170,P038,1,0.1,コンビニ払い,3
O03010,2025-11-20,C0075,P002,1,0.1,クレジットカード,1
O03011,2025-11-20,C0184,P013,1,0.05,クレジットカード,1
O03012,2025-11-20,C0376,P025,1,0.05,クレジットカード,2
O03013,2025-11-20,C0236,P029,1,0,クレジットカード,2
O03014,2025-11-20,C0359,P019,1,0,クレジットカード,2
O03015,2025-11-21,C0414,P029,2,0.3,コンビニ払い,2
O03016,2025-11-21,C0194,P032,1,0,銀行振込,4
O03017,2025-11-21,C0247,P013,1,0,コンビニ払い,3
O03018,2025-11-21,C0109,P008,1,0.2,銀行振込,3
O03019,2025-11-21,C0310,P025,2,0.2,代金引換,3
O03020,2025-11-21,C0010,P032,1,0.05,クレジットカード,2
O03021,2025-11-21,C0282,P030,2,0.2,コンビニ払い,4
O03022,2025-11-21,C0142,P014,1,0.2,電子マネー,3
O03023,2025-11-21,C0247,P029,1,0.2,クレジットカード,3
O03024,2025-11-22,C0297,P038,2,0.1,コンビニ払い,1
O03025,2025-11-22,C0092,P011,2,0.2,クレジットカード,2
O03026,2025-11-22,C0338,P038,1,0.2,クレジットカード,2
O03027,2025-11-22,C0252,P019,3,0.2,クレジットカード,2
O03028,2025-11-22,C0184,P029,1,0.1,電子マネー,1
O03029,2025-11-22,C0143,P032,2,0.05,クレジットカード,1
O03030,2025-11-22,C0314,P019,1,0,クレジットカード,1
O03031,2025-11-22,C0413,P014,1,0,クレジットカード,3
O03032,2025-11-22,C0127,P016,1,0.05,クレジットカード,3
O03033,2025-11-23,C0134,P037,1,0.2,クレジットカード,1
O03034,2025-11-23,C0123,P038,1,0.1,電子マネー,3
O03035,2025-11-23,C0036,P019,1,0.1,クレジットカード,3
O03036,2025-11-23,C0170,P030,1,0,代金引換,3
O03037,2025-11-23,C0396,P013,1,0.1,クレジットカード,3
O03038,2025-11-23,C0245,P038,2,0.2,クレジットカード,2
O03039,2025-11-23,C0307,P038,1,0,代金引換,2
O03040,2025-11-24,C0293,P038,1,0.3,代金引換,2
O03041,2025-11-24,C0129,P029,1,0,コンビニ払い,1
O03042,2025-11-24,C0134,P040,2,0.3,クレジットカード,1
O03043,2025-11-24,C0393,P038,1,0,クレジットカード,4
O03044,2025-11-24,C0196,P038,1,0.3,代金引換,3
O03045,2025-11-24,C0184,P009,1,0.1,クレジットカード,2
O03046,2025-11-24,C0146,P038,1,0,クレジットカード,2
O03047,2025-11-24,C0293,P038,1,0,クレジットカード,1
O03048,2025-11-24,C0365,P001,2,0.2,クレジットカード,2
O03049,2025-11-24,C0049,P029,2,0.3,クレジットカード,4
O03050,2025-11-25,C0349,P007,1,0,電子マネー,1
O03051,2025-11-25,C0233,P013,1,0.2,クレジットカード,3
O03052,2025-11-25,C0337,P004,1,0.05,クレジットカード,3
O03053,2025-11-26,C0033,P038,1,0.2,クレジットカード,2
O03054,2025-11-26,C0353,P029,2,0,クレジットカード,3
O03055,2025-11-26,C0082,P015,1,0,クレジットカード,3
O03056,2025-11-26,C0187,P006,1,0,クレジットカード,2
O03057,2025-11-26,C0170,P019,2,0,クレジットカード,4
O03058,2025-11-27,C0327,P028,1,0,電子マネー,3
O03059,2025-11-27,C0039,P027,1,0,クレジットカード,4
O03060,2025-11-27,C0382,P029,3,0,クレジットカード,1
O03061,2025-11-27,C0203,P014,1,0.1,銀行振込,2
O03062,2025-11-28,C0365,P006,4,0.3,コンビニ払い,2
O03063,2025-11-28,C0349,P026,1,0,クレジットカード,2
O03064,2025-11-28,C0215,P035,1,0,クレジットカード,3
O03065,2025-11-28,C0047,P019,2,0,クレジットカード,2
O03066,2025-11-28,C0013,P038,1,0,クレジットカード,3
O03067,2025-11-29,C0056,P004,2,0.3,クレジットカード,3
O03068,2025-11-29,C0238,P038,1,0.2,電子マネー,2
O03069,2025-11-29,C0086,P038,1,0.3,クレジットカード,2
O03070,2025-11-29,C0178,P038,1,0.2,電子マネー,2
O03071,2025-11-29,C0340,P014,1,0.1,コンビニ払い,2
O03072,2025-11-30,C0096,P039,1,0.1,クレジットカード,2
O03073,2025-11-30,C0073,P005,1,0,クレジットカード,3
O03074,2025-11-30,C0394,P006,1,0.05,銀行振込,4
O03075,2025-11-30,C0256,P038,1,0.2,クレジットカード,2
O03076,2025-11-30,C0221,P019,1,0,電子マネー,1
O03077,2025-11-30,C0090,P031,1,0,電子マネー,2
O03078,2025-11-30,C0326,P038,1,0.2,クレジットカード,1
O03079,2025-11-30,C0236,P038,1,0.1,クレジットカード,2
O03080,2025-11-30,C0089,P021,2,0.3,クレジットカード,3
O03081,2025-11-30,C0267,P040,1,0.1,電子マネー,2
O03082,2025-12-01,C0005,P035,1,0,電子マネー,2
O03083,2025-12-01,C0090,P019,1,0,クレジットカード,2
O03084,2025-12-01,C0053,P025,1,0,電子マネー,2
O03085,2025-12-01,C0250,P038,1,0,電子マネー,2
O03086,2025-12-01,C0400,P036,1,0,クレジットカード,1
O03087,2025-12-02,C0134,P019,1,0,クレジットカード,1
O03088,2025-12-02,C0316,P028,1,0,銀行振込,3
O03089,2025-12-02,C0129,P030,2,0,クレジットカード,1
O03090,2025-12-02,C0016,P014,1,0,クレジットカード,3
O03091,2025-12-02,C0010,P010,1,0,電子マネー,3
O03092,2025-12-02,C0384,P038,1,0,コンビニ払い,1
O03093,2025-12-02,C0249,P038,1,0.3,クレジットカード,1
O03094,2025-12-02,C0362,P004,2,0.2,コンビニ払い,3
O03095,2025-12-02,C0256,P009,1,0.05,クレジットカード,1
O03096,2025-12-02,C0229,P019,1,0,コンビニ払い,4
O03097,2025-12-02,C0059,P038,2,0,コンビニ払い,1
O03098,2025-12-02,C0167,P034,1,0,代金引換,2
O03099,2025-12-02,C0053,P007,1,0,クレジットカード,3
O03100,2025-12-02,C0086,P038,1,0.05,クレジットカード,2
O03101,2025-12-02,C0120,P033,1,0,銀行振込,2
O03102,2025-12-03,C0363,P033,1,0,クレジットカード,1
O03103,2025-12-03,C0191,P034,1,0,クレジットカード,4
O03104,2025-12-03,C0238,P029,1,0,クレジットカード,1
O03105,2025-12-03,C0022,P038,1,0,電子マネー,2
O03106,2025-12-03,C0053,P021,1,0,クレジットカード,3
O03107,2025-12-03,C0238,P014,1,0,クレジットカード,3
O03108,2025-12-03,C0089,P029,1,0.1,コンビニ払い,3
O03109,2025-12-03,C0201,P002,1,0,銀行振込,3
O03110,2025-12-03,C0193,P029,1,0,クレジットカード,1
O03111,2025-12-03,C0090,P009,1,0,クレジットカード,3
O03112,2025-12-04,C0364,P038,2,0,クレジットカード,2
O03113,2025-12-04,C0225,P009,1,0.1,クレジットカード,1
O03114,2025-12-04,C0053,P020,2,0.2,電子マネー,2
O03115,2025-12-04,C0327,P030,1,0,クレジットカード,2
O03116,2025-12-04,C0075,P029,1,0,クレジットカード,1
O03117,2025-12-04,C0275,P001,1,0,クレジットカード,1
O03118,2025-12-04,C0364,P011,1,0,クレジットカード,2
O03119,2025-12-05,C0144,P038,1,0.2,クレジットカード,1
O03120,2025-12-05,C0186,P019,1,0,コンビニ払い,4
O03121,2025-12-06,C0131,P029,1,0,電子マネー,1
O03122,2025-12-06,C0055,P019,1,0,クレジットカード,3
O03123,2025-12-06,C0414,P009,1,0.1,クレジットカード,2
O03124,2025-12-06,C0248,P014,2,0,銀行振込,3
O03125,2025-12-06,C0096,P018,1,0,電子マネー,1
O03126,2025-12-06,C0213,P033,1,0,代金引換,3
O03127,2025-12-06,C0026,P019,2,0,電子マネー,1
O03128,2025-12-06,C0275,P014,2,0.05,クレジットカード,1
O03129,2025-12-06,C0053,P025,1,0,クレジットカード,2
O03130,2025-12-06,C0096,P015,1,0,クレジットカード,2
O03131,2025-12-06,C0301,P005,1,0,銀行振込,2
O03132,2025-12-07,C0117,P029,5,0.3,電子マネー,2
O03133,2025-12-07,C0263,P022,1,0,クレジットカード,1
O03134,2025-12-07,C0088,P038,1,0,クレジットカード,1
O03135,2025-12-07,C0092,P038,1,0.1,クレジットカード,3
O03136,2025-12-07,C0239,P013,1,0.1,電子マネー,1
O03137,2025-12-07,C0325,P009,1,0,コンビニ払い,2
O03138,2025-12-08,C0053,P019,1,0.1,クレジットカード,3
O03139,2025-12-08,C0365,P029,1,0,電子マネー,2
O03140,2025-12-08,C0053,P019,1,0,クレジットカード,2
O03141,2025-12-08,C0403,P032,1,0,クレジットカード,2
O03142,2025-12-08,C0368,P036,1,0,代金引換,3
O03143,2025-12-09,C0073,P019,1,0,銀行振込,3
O03144,2025-12-09,C0365,P038,1,0.1,クレジットカード,2
O03145,2025-12-09,C0095,P004,1,0.1,代金引換,3
O03146,2025-12-09,C0033,P029,1,0,クレジットカード,2
O03147,2025-12-09,C0181,P036,1,0.1,クレジットカード,1
O03148,2025-12-10,C0096,P029,1,0,銀行振込,2
O03149,2025-12-10,C0168,P033,1,0,銀行振込,3
O03150,2025-12-10,C0264,P040,1,0,銀行振込,3
O03151,2025-12-10,C0003,P019,1,0.1,クレジットカード,3
O03152,2025-12-10,C0196,P033,1,0.05,銀行振込,2
O03153,2025-12-10,C0232,P038,2,0,クレジットカード,1
O03154,2025-12-11,C0096,P014,2,0,銀行振込,2
O03155,2025-12-11,C0230,P013,2,0,電子マネー,1
O03156,2025-12-11,C0337,P029,1,0,銀行振込,3
O03157,2025-12-11,C0351,P038,1,0,クレジットカード,1
O03158,2025-12-11,C0338,P033,1,0,クレジットカード,1
O03159,2025-12-11,C0275,P014,1,0,クレジットカード,1
O03160,2025-12-12,C0026,P038,1,0.05,クレジットカード,1
O03161,2025-12-12,C0037,P018,1,0,クレジットカード,1
O03162,2025-12-12,C0332,P038,1,0,クレジットカード,2
O03163,2025-12-12,C0209,P023,2,0,コンビニ払い,4
O03164,2025-12-13,C0289,P036,1,0,クレジットカード,2
O03165,2025-12-13,C0096,P014,1,0,電子マネー,1
O03166,2025-12-13,C0142,P038,1,0,コンビニ払い,4
O03167,2025-12-13,C0295,P038,1,0,代金引換,2
O03168,2025-12-13,C0245,P002,1,0.1,銀行振込,3
O03169,2025-12-13,C0186,P033,1,0,電子マネー,4
O03170,2025-12-13,C0070,P004,1,0,クレジットカード,1
O03171,2025-12-13,C0363,P019,1,0,クレジットカード,2
O03172,2025-12-14,C0074,P006,1,0,コンビニ払い,2
O03173,2025-12-14,C0323,P038,1,0,クレジットカード,5
O03174,2025-12-14,C0326,P030,1,0,クレジットカード,2
O03175,2025-12-14,C0301,P029,1,0,代金引換,1
O03176,2025-12-14,C0324,P019,1,0,電子マネー,2
O03177,2025-12-14,C0086,P014,1,0,代金引換,2
O03178,2025-12-14,C0189,P025,1,0.05,電子マネー,3
O03179,2025-12-14,C0086,P021,1,0,クレジットカード,2
O03180,2025-12-14,C0255,P002,1,0.05,クレジットカード,3
O03181,2025-12-14,C0230,P038,1,0,クレジットカード,2
O03182,2025-12-15,C0351,P038,1,0,電子マネー,2
O03183,2025-12-15,C0191,P029,1,0,銀行振込,4
O03184,2025-12-15,C0412,P014,1,0.05,電子マネー,1
O03185,2025-12-15,C0263,P019,1,0,クレジットカード,3
O03186,2025-12-15,C0131,P013,1,0,電子マネー,1
O03187,2025-12-16,C0403,P029,1,0,クレジットカード,1
O03188,2025-12-16,C0409,P029,2,0,代金引換,2
O03189,2025-12-16,C0393,P036,1,0.2,銀行振込,2
O03190,2025-12-16,C0089,P038,1,0,クレジットカード,3
O03191,2025-12-16,C0189,P038,1,0,クレジットカード,4
O03192,2025-12-16,C0196,P013,1,0,銀行振込,3
O03193,2025-12-17,C0258,P018,1,0.2,クレジットカード,1
O03194,2025-12-17,C0089,P038,1,0,クレジットカード,2
O03195,2025-12-17,C0052,P038,1,0.1,クレジットカード,2
O03196,2025-12-17,C0255,P025,1,0,代金引換,2
O03197,2025-12-17,C0134,P019,1,0.05,クレジットカード,1
O03198,2025-12-17,C0400,P009,2,0,クレジットカード,1
O03199,2025-12-18,C0050,P033,1,0,クレジットカード,3
O03200,2025-12-18,C0239,P038,1,0,クレジットカード,2
O03201,2025-12-19,C0133,P004,1,0,クレジットカード,1
O03202,2025-12-19,C0342,P013,1,0,クレジットカード,1
O03203,2025-12-19,C0041,P025,1,0,クレジットカード,1
O03204,2025-12-19,C0211,P006,1,0,クレジットカード,2
O03205,2025-12-19,C0364,P019,1,0,クレジットカード,3
O03206,2025-12-19,C0221,P029,2,0,クレジットカード,1
O03207,2025-12-19,C0180,P014,2,0,クレジットカード,1
O03208,2025-12-19,C0109,P002,1,0,クレジットカード,3
O03209,2025-12-19,C0204,P038,2,0.1,電子マネー,2
O03210,2025-12-19,C0395,P014,1,0.05,クレジットカード,1
O03211,2025-12-20,C0291,P038,1,0,コンビニ払い,2
O03212,2025-12-20,C0176,P029,1,0.1,クレジットカード,1
O03213,2025-12-20,C0075,P029,1,0,銀行振込,2
O03214,2025-12-20,C0325,P019,1,0,銀行振込,2
O03215,2025-12-20,C0254,P009,1,0,電子マネー,1
O03216,2025-12-20,C0225,P036,1,0,コンビニ払い,1
O03217,2025-12-20,C0297,P019,1,0.3,電子マネー,2
O03218,2025-12-20,C0257,P038,1,0,銀行振込,2
O03219,2025-12-20,C0189,P032,3,0,クレジットカード,4
O03220,2025-12-20,C0256,P023,1,0,コンビニ払い,1
O03221,2025-12-20,C0096,P022,2,0.2,電子マネー,2
O03222,2025-12-20,C0328,P004,1,0,クレジットカード,3
O03223,2025-12-20,C0021,P019,1,0,コンビニ払い,2
O03224,2025-12-20,C0215,P009,1,0,クレジットカード,5
O03225,2025-12-21,C0381,P038,1,0,クレジットカード,3
O03226,2025-12-21,C0269,P006,1,0,コンビニ払い,1
O03227,2025-12-21,C0384,P033,1,0,クレジットカード,1
O03228,2025-12-21,C0233,P009,1,0,クレジットカード,2
O03229,2025-12-21,C0346,P009,2,0,電子マネー,2
O03230,2025-12-21,C0050,P013,1,0.05,クレジットカード,2
O03231,2025-12-21,C0412,P029,2,0,銀行振込,1
O03232,2025-12-21,C0220,P038,1,0,クレジットカード,3
O03233,2025-12-21,C0416,P038,1,0,銀行振込,2
O03234,2025-12-21,C0033,P014,1,0.2,クレジットカード,2
O03235,2025-12-22,C0204,P014,2,0.2,電子マネー,2
O03236,2025-12-22,C0144,P029,1,0,クレジットカード,1
O03237,2025-12-22,C0257,P019,1,0,クレジットカード,2
O03238,2025-12-22,C0215,P014,1,0,コンビニ払い,3
O03239,2025-12-22,C0056,P014,1,0,クレジットカード,2
O03240,2025-12-22,C0248,P038,1,0.1,コンビニ払い,2
O03241,2025-12-22,C0090,P026,1,0,電子マネー,2
O03242,2025-12-22,C0146,P038,1,0,電子マネー,3
O03243,2025-12-22,C0023,P014,2,0.05,コンビニ払い,2
O03244,2025-12-23,C0363,P040,1,0,コンビニ払い,1
O03245,2025-12-23,C0378,P038,1,0,電子マネー,2
O03246,2025-12-23,C0134,P019,1,0,コンビニ払い,2
O03247,2025-12-23,C0010,P008,1,0.3,クレジットカード,2
O03248,2025-12-23,C0354,P019,1,0,銀行振込,3
O03249,2025-12-23,C0197,P033,1,0,コンビニ払い,3
O03250,2025-12-24,C0331,P011,1,0,電子マネー,3
O03251,2025-12-24,C0297,P014,1,0,銀行振込,1
O03252,2025-12-24,C0013,P036,1,0.1,代金引換,4
O03253,2025-12-24,C0152,P004,1,0,コンビニ払い,2
O03254,2025-12-24,C0353,P029,1,0,クレジットカード,5
O03255,2025-12-24,C0344,P014,2,0,クレジットカード,3
O03256,2025-12-24,C0211,P029,2,0,クレジットカード,2
O03257,2025-12-24,C0411,P038,1,0,クレジットカード,2
O03258,2025-12-24,C0230,P032,1,0,クレジットカード,2
O03259,2025-12-24,C0176,P020,2,0.3,クレジットカード,1
O03260,2025-12-25,C0225,P038,1,0,クレジットカード,1
O03261,2025-12-25,C0394,P029,1,0,電子マネー,5
O03262,2025-12-25,C0123,P014,1,0,銀行振込,2
O03263,2025-12-25,C0351,P032,1,0,代金引換,2
O03264,2025-12-26,C0189,P038,1,0.05,クレジットカード,3
O03265,2025-12-26,C0250,P038,1,0,コンビニ払い,3
O03266,2025-12-26,C0386,P004,1,0,銀行振込,4
O03267,2025-12-27,C0075,P015,1,0,クレジットカード,1
O03268,2025-12-27,C0245,P014,1,0,銀行振込,3
O03269,2025-12-27,C0360,P025,2,0.1,銀行振込,2
O03270,2025-12-27,C0053,P014,2,0,クレジットカード,2
O03271,2025-12-27,C0229,P019,2,0.05,クレジットカード,4
O03272,2025-12-27,C0053,P019,2,0,代金引換,2
O03273,2025-12-27,C0337,P038,1,0,クレジットカード,3
O03274,2025-12-27,C0417,P029,1,0,クレジットカード,2
O03275,2025-12-28,C0183,P038,1,0,代金引換,1
O03276,2025-12-28,C0141,P035,1,0,代金引換,1
O03277,2025-12-28,C0134,P038,1,0,クレジットカード,2
O03278,2025-12-28,C0369,P014,1,0,銀行振込,2
O03279,2025-12-28,C0400,P040,1,0,コンビニ払い,1
O03280,2025-12-28,C0331,P036,1,0,代金引換,1
O03281,2025-12-28,C0047,P038,1,0,銀行振込,3
O03282,2025-12-29,C0152,P029,1,0,コンビニ払い,4
O03283,2025-12-29,C0011,P038,1,0,クレジットカード,1
O03284,2025-12-29,C0280,P034,1,0,クレジットカード,4
O03285,2025-12-29,C0399,P031,1,0,コンビニ払い,1
O03286,2025-12-29,C0307,P036,1,0,電子マネー,2
O03287,2025-12-29,C0256,P020,1,0,銀行振込,1
O03288,2025-12-29,C0003,P009,1,0,クレジットカード,3
O03289,2025-12-29,C0414,P035,1,0,クレジットカード,3
O03290,2025-12-29,C0265,P005,1,0,電子マネー,3
O03291,2025-12-30,C0328,P021,2,0.3,クレジットカード,3
O03292,2025-12-30,C0285,P038,1,0,銀行振込,3
O03293,2025-12-30,C0307,P019,1,0,代金引換,2
O03294,2025-12-31,C0325,P033,1,0.05,コンビニ払い,3
O03295,2025-12-31,C0086,P038,1,0,コンビニ払い,2
O03296,2025-12-31,C0175,P038,1,0.05,コンビニ払い,2
O03297,2025-12-31,C0255,P032,1,0.05,クレジットカード,3
O03298,2025-12-31,C0302,P033,1,0,クレジットカード,3
O03299,2025-12-31,C0238,P038,1,0,電子マネー,2
O03300,2025-12-31,C0174,P020,2,0.1,クレジットカード,1
